"Inbound Daily Report","2026-02-25 21:36:38"
Selected in-groups: BBQ_Servicio - Serivico Cliente BBQ Express
"Time range 24 days:","2026-02-01 00:00:00 to 2026-02-24 23:59:59"

"","TOTAL","TOTAL","TOTAL","TOTAL","TOTAL","AVG","AVG","AVG","TOTAL","TOTAL","TOTAL"
"","CALLS","CALLS","AGENTS","CALLS","ABANDON","ABANDON","ANSWER","TALK","TALK","WRAP","CALL"
"SHIFT DATE-TIME RANGE","OFFERED","ANSWERED","ANSWERED","ABANDONED","PERCENT","TIME","SPEED","TIME","TIME","TIME","TIME"
"2026-02-01 00:00:00 - 2026-02-01 00:59:59","0","0","0","0","0.00%","00:00","00:00","00:00","0:00:00","0:00:00","0:00:00"
"2026-02-01 01:00:00 - 2026-02-01 01:59:59","0","0","0","0","0.00%","00:00","00:00","00:00","0:00:00","0:00:00","0:00:00"
"2026-02-01 02:00:00 - 2026-02-01 02:59:59","0","0","0","0","0.00%","00:00","00:00","00:00","0:00:00","0:00:00","0:00:00"
"2026-02-01 03:00:00 - 2026-02-01 03:59:59","0","0","0","0","0.00%","00:00","00:00","00:00","0:00:00","0:00:00","0:00:00"
"2026-02-01 04:00:00 - 2026-02-01 04:59:59","0","0","0","0","0.00%","00:00","00:00","00:00","0:00:00","0:00:00","0:00:00"
"2026-02-01 05:00:00 - 2026-02-01 05:59:59","0","0","0","0","0.00%","00:00","00:00","00:00","0:00:00","0:00:00","0:00:00"
"2026-02-01 06:00:00 - 2026-02-01 06:59:59","0","0","0","0","0.00%","00:00","00:00","00:00","0:00:00","0:00:00","0:00:00"
"2026-02-01 07:00:00 - 2026-02-01 07:59:59","0","0","0","0","0.00%","00:00","00:00","00:00","0:00:00","0:00:00","0:00:00"
"2026-02-01 08:00:00 - 2026-02-01 08:59:59","0","0","0","0","0.00%","00:00","00:00","00:00","0:00:00","0:00:00","0:00:00"
"2026-02-01 09:00:00 - 2026-02-01 09:59:59","0","0","0","0","0.00%","00:00","00:00","00:00","0:00:00","0:00:00","0:00:00"
"2026-02-01 10:00:00 - 2026-02-01 10:59:59","0","0","0","0","0.00%","00:00","00:00","00:00","0:00:00","0:00:00","0:00:00"
"2026-02-01 11:00:00 - 2026-02-01 11:59:59","4","3","2","1","25.00%","03:26","00:00","02:42","0:08:07","0:00:45","0:08:52"
"2026-02-01 12:00:00 - 2026-02-01 12:59:59","13","13","3","0","0.00%","00:00","00:30","02:22","0:30:49","0:03:15","0:34:04"
"2026-02-01 13:00:00 - 2026-02-01 13:59:59","6","4","3","2","33.33%","01:02","00:06","03:29","0:13:57","0:01:00","0:14:57"
"2026-02-01 14:00:00 - 2026-02-01 14:59:59","7","7","4","0","0.00%","00:00","00:10","03:21","0:23:27","0:01:45","0:25:12"
"2026-02-01 15:00:00 - 2026-02-01 15:59:59","6","6","3","0","0.00%","00:00","00:02","02:21","0:14:07","0:01:30","0:15:37"
"2026-02-01 16:00:00 - 2026-02-01 16:59:59","5","5","3","0","0.00%","00:00","00:00","02:59","0:14:57","0:01:15","0:16:12"
"2026-02-01 17:00:00 - 2026-02-01 17:59:59","4","3","2","1","25.00%","00:07","01:13","03:24","0:10:12","0:00:45","0:10:57"
"2026-02-01 18:00:00 - 2026-02-01 18:59:59","8","8","5","0","0.00%","00:00","00:12","02:54","0:23:12","0:02:00","0:25:12"
"2026-02-01 19:00:00 - 2026-02-01 19:59:59","13","13","4","0","0.00%","00:00","00:04","02:06","0:27:13","0:03:15","0:30:28"
"2026-02-01 20:00:00 - 2026-02-01 20:59:59","9","8","4","1","11.11%","00:18","00:06","02:33","0:20:25","0:02:00","0:22:25"
"2026-02-01 21:00:00 - 2026-02-01 21:59:59","4","4","3","0","0.00%","00:00","00:00","01:35","0:06:21","0:01:00","0:07:21"
"2026-02-01 22:00:00 - 2026-02-01 22:59:59","0","0","0","0","0.00%","00:00","00:00","00:00","0:00:00","0:00:00","0:00:00"
"2026-02-01 23:00:00 - 2026-02-01 23:59:59","0","0","0","0","0.00%","00:00","00:00","00:00","0:00:00","0:00:00","0:00:00"
"2026-02-02 00:00:00 - 2026-02-02 00:59:59","0","0","0","0","0.00%","00:00","00:00","00:00","0:00:00","0:00:00","0:00:00"
"2026-02-02 01:00:00 - 2026-02-02 01:59:59","0","0","0","0","0.00%","00:00","00:00","00:00","0:00:00","0:00:00","0:00:00"
"2026-02-02 02:00:00 - 2026-02-02 02:59:59","0","0","0","0","0.00%","00:00","00:00","00:00","0:00:00","0:00:00","0:00:00"
"2026-02-02 03:00:00 - 2026-02-02 03:59:59","0","0","0","0","0.00%","00:00","00:00","00:00","0:00:00","0:00:00","0:00:00"
"2026-02-02 04:00:00 - 2026-02-02 04:59:59","0","0","0","0","0.00%","00:00","00:00","00:00","0:00:00","0:00:00","0:00:00"
"2026-02-02 05:00:00 - 2026-02-02 05:59:59","0","0","0","0","0.00%","00:00","00:00","00:00","0:00:00","0:00:00","0:00:00"
"2026-02-02 06:00:00 - 2026-02-02 06:59:59","0","0","0","0","0.00%","00:00","00:00","00:00","0:00:00","0:00:00","0:00:00"
"2026-02-02 07:00:00 - 2026-02-02 07:59:59","0","0","0","0","0.00%","00:00","00:00","00:00","0:00:00","0:00:00","0:00:00"
"2026-02-02 08:00:00 - 2026-02-02 08:59:59","0","0","0","0","0.00%","00:00","00:00","00:00","0:00:00","0:00:00","0:00:00"
"2026-02-02 09:00:00 - 2026-02-02 09:59:59","0","0","0","0","0.00%","00:00","00:00","00:00","0:00:00","0:00:00","0:00:00"
"2026-02-02 10:00:00 - 2026-02-02 10:59:59","1","0","0","1","100.00%","00:01","00:00","00:00","0:00:00","0:00:00","0:00:00"
"2026-02-02 11:00:00 - 2026-02-02 11:59:59","3","3","2","0","0.00%","00:00","00:24","07:07","0:21:21","0:00:45","0:22:06"
"2026-02-02 12:00:00 - 2026-02-02 12:59:59","4","4","2","0","0.00%","00:00","00:00","02:39","0:10:35","0:01:00","0:11:35"
"2026-02-02 13:00:00 - 2026-02-02 13:59:59","6","5","2","1","16.67%","02:34","00:12","03:29","0:17:25","0:01:15","0:18:40"
"2026-02-02 14:00:00 - 2026-02-02 14:59:59","0","0","0","0","0.00%","00:00","00:00","00:00","0:00:00","0:00:00","0:00:00"
"2026-02-02 15:00:00 - 2026-02-02 15:59:59","0","0","0","0","0.00%","00:00","00:00","00:00","0:00:00","0:00:00","0:00:00"
"2026-02-02 16:00:00 - 2026-02-02 16:59:59","0","0","0","0","0.00%","00:00","00:00","00:00","0:00:00","0:00:00","0:00:00"
"2026-02-02 17:00:00 - 2026-02-02 17:59:59","1","1","1","0","0.00%","00:00","00:19","01:22","0:01:22","0:00:15","0:01:37"
"2026-02-02 18:00:00 - 2026-02-02 18:59:59","1","0","0","1","100.00%","00:17","00:00","00:00","0:00:00","0:00:00","0:00:00"
"2026-02-02 19:00:00 - 2026-02-02 19:59:59","5","5","4","0","0.00%","00:00","00:00","02:14","0:11:08","0:01:15","0:12:23"
"2026-02-02 20:00:00 - 2026-02-02 20:59:59","0","0","0","0","0.00%","00:00","00:00","00:00","0:00:00","0:00:00","0:00:00"
"2026-02-02 21:00:00 - 2026-02-02 21:59:59","0","0","0","0","0.00%","00:00","00:00","00:00","0:00:00","0:00:00","0:00:00"
"2026-02-02 22:00:00 - 2026-02-02 22:59:59","0","0","0","0","0.00%","00:00","00:00","00:00","0:00:00","0:00:00","0:00:00"
"2026-02-02 23:00:00 - 2026-02-02 23:59:59","0","0","0","0","0.00%","00:00","00:00","00:00","0:00:00","0:00:00","0:00:00"
"2026-02-03 00:00:00 - 2026-02-03 00:59:59","0","0","0","0","0.00%","00:00","00:00","00:00","0:00:00","0:00:00","0:00:00"
"2026-02-03 01:00:00 - 2026-02-03 01:59:59","0","0","0","0","0.00%","00:00","00:00","00:00","0:00:00","0:00:00","0:00:00"
"2026-02-03 02:00:00 - 2026-02-03 02:59:59","0","0","0","0","0.00%","00:00","00:00","00:00","0:00:00","0:00:00","0:00:00"
"2026-02-03 03:00:00 - 2026-02-03 03:59:59","0","0","0","0","0.00%","00:00","00:00","00:00","0:00:00","0:00:00","0:00:00"
"2026-02-03 04:00:00 - 2026-02-03 04:59:59","0","0","0","0","0.00%","00:00","00:00","00:00","0:00:00","0:00:00","0:00:00"
"2026-02-03 05:00:00 - 2026-02-03 05:59:59","0","0","0","0","0.00%","00:00","00:00","00:00","0:00:00","0:00:00","0:00:00"
"2026-02-03 06:00:00 - 2026-02-03 06:59:59","0","0","0","0","0.00%","00:00","00:00","00:00","0:00:00","0:00:00","0:00:00"
"2026-02-03 07:00:00 - 2026-02-03 07:59:59","0","0","0","0","0.00%","00:00","00:00","00:00","0:00:00","0:00:00","0:00:00"
"2026-02-03 08:00:00 - 2026-02-03 08:59:59","0","0","0","0","0.00%","00:00","00:00","00:00","0:00:00","0:00:00","0:00:00"
"2026-02-03 09:00:00 - 2026-02-03 09:59:59","0","0","0","0","0.00%","00:00","00:00","00:00","0:00:00","0:00:00","0:00:00"
"2026-02-03 10:00:00 - 2026-02-03 10:59:59","0","0","0","0","0.00%","00:00","00:00","00:00","0:00:00","0:00:00","0:00:00"
"2026-02-03 11:00:00 - 2026-02-03 11:59:59","1","1","1","0","0.00%","00:00","00:00","01:16","0:01:16","0:00:15","0:01:31"
"2026-02-03 12:00:00 - 2026-02-03 12:59:59","1","1","1","0","0.00%","00:00","00:00","03:16","0:03:16","0:00:15","0:03:31"
"2026-02-03 13:00:00 - 2026-02-03 13:59:59","2","2","1","0","0.00%","00:00","00:00","02:59","0:05:58","0:00:30","0:06:28"
"2026-02-03 14:00:00 - 2026-02-03 14:59:59","1","1","1","0","0.00%","00:00","00:00","02:41","0:02:41","0:00:15","0:02:56"
"2026-02-03 15:00:00 - 2026-02-03 15:59:59","2","2","2","0","0.00%","00:00","00:00","03:22","0:06:44","0:00:30","0:07:14"
"2026-02-03 16:00:00 - 2026-02-03 16:59:59","0","0","0","0","0.00%","00:00","00:00","00:00","0:00:00","0:00:00","0:00:00"
"2026-02-03 17:00:00 - 2026-02-03 17:59:59","2","2","1","0","0.00%","00:00","00:00","01:50","0:03:39","0:00:30","0:04:09"
"2026-02-03 18:00:00 - 2026-02-03 18:59:59","3","3","2","0","0.00%","00:00","00:15","02:39","0:07:58","0:00:45","0:08:43"
"2026-02-03 19:00:00 - 2026-02-03 19:59:59","4","4","4","0","0.00%","00:00","00:08","03:30","0:13:58","0:01:00","0:14:58"
"2026-02-03 20:00:00 - 2026-02-03 20:59:59","2","2","2","0","0.00%","00:00","00:00","02:05","0:04:09","0:00:30","0:04:39"
"2026-02-03 21:00:00 - 2026-02-03 21:59:59","1","1","1","0","0.00%","00:00","00:00","03:24","0:03:24","0:00:15","0:03:39"
"2026-02-03 22:00:00 - 2026-02-03 22:59:59","0","0","0","0","0.00%","00:00","00:00","00:00","0:00:00","0:00:00","0:00:00"
"2026-02-03 23:00:00 - 2026-02-03 23:59:59","0","0","0","0","0.00%","00:00","00:00","00:00","0:00:00","0:00:00","0:00:00"
"2026-02-04 00:00:00 - 2026-02-04 00:59:59","0","0","0","0","0.00%","00:00","00:00","00:00","0:00:00","0:00:00","0:00:00"
"2026-02-04 01:00:00 - 2026-02-04 01:59:59","0","0","0","0","0.00%","00:00","00:00","00:00","0:00:00","0:00:00","0:00:00"
"2026-02-04 02:00:00 - 2026-02-04 02:59:59","0","0","0","0","0.00%","00:00","00:00","00:00","0:00:00","0:00:00","0:00:00"
"2026-02-04 03:00:00 - 2026-02-04 03:59:59","0","0","0","0","0.00%","00:00","00:00","00:00","0:00:00","0:00:00","0:00:00"
"2026-02-04 04:00:00 - 2026-02-04 04:59:59","0","0","0","0","0.00%","00:00","00:00","00:00","0:00:00","0:00:00","0:00:00"
"2026-02-04 05:00:00 - 2026-02-04 05:59:59","0","0","0","0","0.00%","00:00","00:00","00:00","0:00:00","0:00:00","0:00:00"
"2026-02-04 06:00:00 - 2026-02-04 06:59:59","0","0","0","0","0.00%","00:00","00:00","00:00","0:00:00","0:00:00","0:00:00"
"2026-02-04 07:00:00 - 2026-02-04 07:59:59","0","0","0","0","0.00%","00:00","00:00","00:00","0:00:00","0:00:00","0:00:00"
"2026-02-04 08:00:00 - 2026-02-04 08:59:59","0","0","0","0","0.00%","00:00","00:00","00:00","0:00:00","0:00:00","0:00:00"
"2026-02-04 09:00:00 - 2026-02-04 09:59:59","0","0","0","0","0.00%","00:00","00:00","00:00","0:00:00","0:00:00","0:00:00"
"2026-02-04 10:00:00 - 2026-02-04 10:59:59","1","0","0","1","100.00%","00:01","00:00","00:00","0:00:00","0:00:00","0:00:00"
"2026-02-04 11:00:00 - 2026-02-04 11:59:59","3","3","1","0","0.00%","00:00","00:07","01:06","0:03:18","0:00:45","0:04:03"
"2026-02-04 12:00:00 - 2026-02-04 12:59:59","4","4","3","0","0.00%","00:00","00:00","02:23","0:09:32","0:01:00","0:10:32"
"2026-02-04 13:00:00 - 2026-02-04 13:59:59","3","3","2","0","0.00%","00:00","00:00","03:27","0:10:20","0:00:45","0:11:05"
"2026-02-04 14:00:00 - 2026-02-04 14:59:59","1","1","1","0","0.00%","00:00","00:00","05:05","0:05:05","0:00:15","0:05:20"
"2026-02-04 15:00:00 - 2026-02-04 15:59:59","0","0","0","0","0.00%","00:00","00:00","00:00","0:00:00","0:00:00","0:00:00"
"2026-02-04 16:00:00 - 2026-02-04 16:59:59","0","0","0","0","0.00%","00:00","00:00","00:00","0:00:00","0:00:00","0:00:00"
"2026-02-04 17:00:00 - 2026-02-04 17:59:59","0","0","0","0","0.00%","00:00","00:00","00:00","0:00:00","0:00:00","0:00:00"
"2026-02-04 18:00:00 - 2026-02-04 18:59:59","1","1","1","0","0.00%","00:00","00:00","02:49","0:02:49","0:00:15","0:03:04"
"2026-02-04 19:00:00 - 2026-02-04 19:59:59","3","3","2","0","0.00%","00:00","00:00","02:59","0:08:56","0:00:45","0:09:41"
"2026-02-04 20:00:00 - 2026-02-04 20:59:59","3","3","2","0","0.00%","00:00","00:00","02:15","0:06:45","0:00:45","0:07:30"
"2026-02-04 21:00:00 - 2026-02-04 21:59:59","1","1","1","0","0.00%","00:00","00:00","03:12","0:03:12","0:00:15","0:03:27"
"2026-02-04 22:00:00 - 2026-02-04 22:59:59","0","0","0","0","0.00%","00:00","00:00","00:00","0:00:00","0:00:00","0:00:00"
"2026-02-04 23:00:00 - 2026-02-04 23:59:59","0","0","0","0","0.00%","00:00","00:00","00:00","0:00:00","0:00:00","0:00:00"
"2026-02-05 00:00:00 - 2026-02-05 00:59:59","0","0","0","0","0.00%","00:00","00:00","00:00","0:00:00","0:00:00","0:00:00"
"2026-02-05 01:00:00 - 2026-02-05 01:59:59","0","0","0","0","0.00%","00:00","00:00","00:00","0:00:00","0:00:00","0:00:00"
"2026-02-05 02:00:00 - 2026-02-05 02:59:59","0","0","0","0","0.00%","00:00","00:00","00:00","0:00:00","0:00:00","0:00:00"
"2026-02-05 03:00:00 - 2026-02-05 03:59:59","0","0","0","0","0.00%","00:00","00:00","00:00","0:00:00","0:00:00","0:00:00"
"2026-02-05 04:00:00 - 2026-02-05 04:59:59","0","0","0","0","0.00%","00:00","00:00","00:00","0:00:00","0:00:00","0:00:00"
"2026-02-05 05:00:00 - 2026-02-05 05:59:59","0","0","0","0","0.00%","00:00","00:00","00:00","0:00:00","0:00:00","0:00:00"
"2026-02-05 06:00:00 - 2026-02-05 06:59:59","0","0","0","0","0.00%","00:00","00:00","00:00","0:00:00","0:00:00","0:00:00"
"2026-02-05 07:00:00 - 2026-02-05 07:59:59","0","0","0","0","0.00%","00:00","00:00","00:00","0:00:00","0:00:00","0:00:00"
"2026-02-05 08:00:00 - 2026-02-05 08:59:59","0","0","0","0","0.00%","00:00","00:00","00:00","0:00:00","0:00:00","0:00:00"
"2026-02-05 09:00:00 - 2026-02-05 09:59:59","0","0","0","0","0.00%","00:00","00:00","00:00","0:00:00","0:00:00","0:00:00"
"2026-02-05 10:00:00 - 2026-02-05 10:59:59","0","0","0","0","0.00%","00:00","00:00","00:00","0:00:00","0:00:00","0:00:00"
"2026-02-05 11:00:00 - 2026-02-05 11:59:59","3","3","2","0","0.00%","00:00","00:00","02:22","0:07:06","0:00:45","0:07:51"
"2026-02-05 12:00:00 - 2026-02-05 12:59:59","4","4","3","0","0.00%","00:00","00:05","02:57","0:11:48","0:01:00","0:12:48"
"2026-02-05 13:00:00 - 2026-02-05 13:59:59","2","2","1","0","0.00%","00:00","00:00","01:55","0:03:50","0:00:30","0:04:20"
"2026-02-05 14:00:00 - 2026-02-05 14:59:59","1","1","1","0","0.00%","00:00","00:00","03:14","0:03:14","0:00:15","0:03:29"
"2026-02-05 15:00:00 - 2026-02-05 15:59:59","1","1","1","0","0.00%","00:00","00:00","01:40","0:01:40","0:00:15","0:01:55"
"2026-02-05 16:00:00 - 2026-02-05 16:59:59","0","0","0","0","0.00%","00:00","00:00","00:00","0:00:00","0:00:00","0:00:00"
"2026-02-05 17:00:00 - 2026-02-05 17:59:59","2","2","2","0","0.00%","00:00","00:00","00:58","0:01:55","0:00:30","0:02:25"
"2026-02-05 18:00:00 - 2026-02-05 18:59:59","3","3","2","0","0.00%","00:00","00:07","02:34","0:07:42","0:00:45","0:08:27"
"2026-02-05 19:00:00 - 2026-02-05 19:59:59","5","5","3","0","0.00%","00:00","00:09","02:54","0:14:28","0:01:15","0:15:43"
"2026-02-05 20:00:00 - 2026-02-05 20:59:59","7","7","3","0","0.00%","00:00","00:10","02:41","0:18:47","0:01:45","0:20:32"
"2026-02-05 21:00:00 - 2026-02-05 21:59:59","0","0","0","0","0.00%","00:00","00:00","00:00","0:00:00","0:00:00","0:00:00"
"2026-02-05 22:00:00 - 2026-02-05 22:59:59","1","1","1","0","0.00%","00:00","00:00","02:23","0:02:23","0:00:15","0:02:38"
"2026-02-05 23:00:00 - 2026-02-05 23:59:59","0","0","0","0","0.00%","00:00","00:00","00:00","0:00:00","0:00:00","0:00:00"
"2026-02-06 00:00:00 - 2026-02-06 00:59:59","0","0","0","0","0.00%","00:00","00:00","00:00","0:00:00","0:00:00","0:00:00"
"2026-02-06 01:00:00 - 2026-02-06 01:59:59","0","0","0","0","0.00%","00:00","00:00","00:00","0:00:00","0:00:00","0:00:00"
"2026-02-06 02:00:00 - 2026-02-06 02:59:59","0","0","0","0","0.00%","00:00","00:00","00:00","0:00:00","0:00:00","0:00:00"
"2026-02-06 03:00:00 - 2026-02-06 03:59:59","0","0","0","0","0.00%","00:00","00:00","00:00","0:00:00","0:00:00","0:00:00"
"2026-02-06 04:00:00 - 2026-02-06 04:59:59","0","0","0","0","0.00%","00:00","00:00","00:00","0:00:00","0:00:00","0:00:00"
"2026-02-06 05:00:00 - 2026-02-06 05:59:59","0","0","0","0","0.00%","00:00","00:00","00:00","0:00:00","0:00:00","0:00:00"
"2026-02-06 06:00:00 - 2026-02-06 06:59:59","0","0","0","0","0.00%","00:00","00:00","00:00","0:00:00","0:00:00","0:00:00"
"2026-02-06 07:00:00 - 2026-02-06 07:59:59","0","0","0","0","0.00%","00:00","00:00","00:00","0:00:00","0:00:00","0:00:00"
"2026-02-06 08:00:00 - 2026-02-06 08:59:59","0","0","0","0","0.00%","00:00","00:00","00:00","0:00:00","0:00:00","0:00:00"
"2026-02-06 09:00:00 - 2026-02-06 09:59:59","0","0","0","0","0.00%","00:00","00:00","00:00","0:00:00","0:00:00","0:00:00"
"2026-02-06 10:00:00 - 2026-02-06 10:59:59","2","1","1","1","50.00%","03:03","01:29","04:40","0:04:40","0:00:15","0:04:55"
"2026-02-06 11:00:00 - 2026-02-06 11:59:59","0","0","0","0","0.00%","00:00","00:00","00:00","0:00:00","0:00:00","0:00:00"
"2026-02-06 12:00:00 - 2026-02-06 12:59:59","5","5","3","0","0.00%","00:00","00:06","02:30","0:12:29","0:01:15","0:13:44"
"2026-02-06 13:00:00 - 2026-02-06 13:59:59","3","3","3","0","0.00%","00:00","00:00","03:23","0:10:09","0:00:45","0:10:54"
"2026-02-06 14:00:00 - 2026-02-06 14:59:59","2","2","2","0","0.00%","00:00","00:00","01:46","0:03:31","0:00:30","0:04:01"
"2026-02-06 15:00:00 - 2026-02-06 15:59:59","2","2","2","0","0.00%","00:00","00:00","01:31","0:03:02","0:00:30","0:03:32"
"2026-02-06 16:00:00 - 2026-02-06 16:59:59","0","0","0","0","0.00%","00:00","00:00","00:00","0:00:00","0:00:00","0:00:00"
"2026-02-06 17:00:00 - 2026-02-06 17:59:59","2","2","2","0","0.00%","00:00","00:55","02:32","0:05:03","0:00:30","0:05:33"
"2026-02-06 18:00:00 - 2026-02-06 18:59:59","3","3","2","0","0.00%","00:00","00:00","02:01","0:06:04","0:00:45","0:06:49"
"2026-02-06 19:00:00 - 2026-02-06 19:59:59","8","8","4","0","0.00%","00:00","00:00","04:24","0:35:14","0:02:00","0:37:14"
"2026-02-06 20:00:00 - 2026-02-06 20:59:59","10","9","5","1","10.00%","00:22","00:00","03:08","0:28:14","0:02:15","0:30:29"
"2026-02-06 21:00:00 - 2026-02-06 21:59:59","3","3","3","0","0.00%","00:00","00:00","01:50","0:05:31","0:00:45","0:06:16"
"2026-02-06 22:00:00 - 2026-02-06 22:59:59","0","0","0","0","0.00%","00:00","00:00","00:00","0:00:00","0:00:00","0:00:00"
"2026-02-06 23:00:00 - 2026-02-06 23:59:59","0","0","0","0","0.00%","00:00","00:00","00:00","0:00:00","0:00:00","0:00:00"
"2026-02-07 00:00:00 - 2026-02-07 00:59:59","0","0","0","0","0.00%","00:00","00:00","00:00","0:00:00","0:00:00","0:00:00"
"2026-02-07 01:00:00 - 2026-02-07 01:59:59","0","0","0","0","0.00%","00:00","00:00","00:00","0:00:00","0:00:00","0:00:00"
"2026-02-07 02:00:00 - 2026-02-07 02:59:59","0","0","0","0","0.00%","00:00","00:00","00:00","0:00:00","0:00:00","0:00:00"
"2026-02-07 03:00:00 - 2026-02-07 03:59:59","0","0","0","0","0.00%","00:00","00:00","00:00","0:00:00","0:00:00","0:00:00"
"2026-02-07 04:00:00 - 2026-02-07 04:59:59","0","0","0","0","0.00%","00:00","00:00","00:00","0:00:00","0:00:00","0:00:00"
"2026-02-07 05:00:00 - 2026-02-07 05:59:59","0","0","0","0","0.00%","00:00","00:00","00:00","0:00:00","0:00:00","0:00:00"
"2026-02-07 06:00:00 - 2026-02-07 06:59:59","0","0","0","0","0.00%","00:00","00:00","00:00","0:00:00","0:00:00","0:00:00"
"2026-02-07 07:00:00 - 2026-02-07 07:59:59","0","0","0","0","0.00%","00:00","00:00","00:00","0:00:00","0:00:00","0:00:00"
"2026-02-07 08:00:00 - 2026-02-07 08:59:59","0","0","0","0","0.00%","00:00","00:00","00:00","0:00:00","0:00:00","0:00:00"
"2026-02-07 09:00:00 - 2026-02-07 09:59:59","0","0","0","0","0.00%","00:00","00:00","00:00","0:00:00","0:00:00","0:00:00"
"2026-02-07 10:00:00 - 2026-02-07 10:59:59","0","0","0","0","0.00%","00:00","00:00","00:00","0:00:00","0:00:00","0:00:00"
"2026-02-07 11:00:00 - 2026-02-07 11:59:59","3","3","2","0","0.00%","00:00","00:00","03:42","0:11:06","0:00:45","0:11:51"
"2026-02-07 12:00:00 - 2026-02-07 12:59:59","6","6","2","0","0.00%","00:00","00:01","02:48","0:16:46","0:01:30","0:18:16"
"2026-02-07 13:00:00 - 2026-02-07 13:59:59","6","5","2","1","16.67%","06:00","01:03","02:12","0:11:00","0:01:15","0:12:15"
"2026-02-07 14:00:00 - 2026-02-07 14:59:59","8","7","3","1","12.50%","00:19","01:29","01:53","0:13:08","0:01:45","0:14:53"
"2026-02-07 15:00:00 - 2026-02-07 15:59:59","3","3","2","0","0.00%","00:00","00:00","03:35","0:10:45","0:00:45","0:11:30"
"2026-02-07 16:00:00 - 2026-02-07 16:59:59","1","1","1","0","0.00%","00:00","00:00","01:43","0:01:43","0:00:15","0:01:58"
"2026-02-07 17:00:00 - 2026-02-07 17:59:59","0","0","0","0","0.00%","00:00","00:00","00:00","0:00:00","0:00:00","0:00:00"
"2026-02-07 18:00:00 - 2026-02-07 18:59:59","7","7","5","0","0.00%","00:00","00:03","02:33","0:17:54","0:01:45","0:19:39"
"2026-02-07 19:00:00 - 2026-02-07 19:59:59","9","9","4","0","0.00%","00:00","00:09","02:56","0:26:25","0:02:15","0:28:40"
"2026-02-07 20:00:00 - 2026-02-07 20:59:59","5","5","3","0","0.00%","00:00","00:00","01:29","0:07:24","0:01:15","0:08:39"
"2026-02-07 21:00:00 - 2026-02-07 21:59:59","3","3","2","0","0.00%","00:00","00:00","02:52","0:08:35","0:00:45","0:09:20"
"2026-02-07 22:00:00 - 2026-02-07 22:59:59","0","0","0","0","0.00%","00:00","00:00","00:00","0:00:00","0:00:00","0:00:00"
"2026-02-07 23:00:00 - 2026-02-07 23:59:59","0","0","0","0","0.00%","00:00","00:00","00:00","0:00:00","0:00:00","0:00:00"
"Week to date","259","246","10","13","5.02%","01:25","00:11","02:43","11:09:14","1:01:30","12:10:44"
"2026-02-08 00:00:00 - 2026-02-08 00:59:59","0","0","0","0","0.00%","00:00","00:00","00:00","0:00:00","0:00:00","0:00:00"
"2026-02-08 01:00:00 - 2026-02-08 01:59:59","0","0","0","0","0.00%","00:00","00:00","00:00","0:00:00","0:00:00","0:00:00"
"2026-02-08 02:00:00 - 2026-02-08 02:59:59","0","0","0","0","0.00%","00:00","00:00","00:00","0:00:00","0:00:00","0:00:00"
"2026-02-08 03:00:00 - 2026-02-08 03:59:59","0","0","0","0","0.00%","00:00","00:00","00:00","0:00:00","0:00:00","0:00:00"
"2026-02-08 04:00:00 - 2026-02-08 04:59:59","0","0","0","0","0.00%","00:00","00:00","00:00","0:00:00","0:00:00","0:00:00"
"2026-02-08 05:00:00 - 2026-02-08 05:59:59","0","0","0","0","0.00%","00:00","00:00","00:00","0:00:00","0:00:00","0:00:00"
"2026-02-08 06:00:00 - 2026-02-08 06:59:59","0","0","0","0","0.00%","00:00","00:00","00:00","0:00:00","0:00:00","0:00:00"
"2026-02-08 07:00:00 - 2026-02-08 07:59:59","0","0","0","0","0.00%","00:00","00:00","00:00","0:00:00","0:00:00","0:00:00"
"2026-02-08 08:00:00 - 2026-02-08 08:59:59","0","0","0","0","0.00%","00:00","00:00","00:00","0:00:00","0:00:00","0:00:00"
"2026-02-08 09:00:00 - 2026-02-08 09:59:59","0","0","0","0","0.00%","00:00","00:00","00:00","0:00:00","0:00:00","0:00:00"
"2026-02-08 10:00:00 - 2026-02-08 10:59:59","0","0","0","0","0.00%","00:00","00:00","00:00","0:00:00","0:00:00","0:00:00"
"2026-02-08 11:00:00 - 2026-02-08 11:59:59","2","2","2","0","0.00%","00:00","00:42","02:15","0:04:30","0:00:30","0:05:00"
"2026-02-08 12:00:00 - 2026-02-08 12:59:59","17","13","4","4","23.53%","00:47","00:17","03:10","0:41:05","0:03:15","0:44:20"
"2026-02-08 13:00:00 - 2026-02-08 13:59:59","12","12","4","0","0.00%","00:00","00:04","01:55","0:23:04","0:03:00","0:26:04"
"2026-02-08 14:00:00 - 2026-02-08 14:59:59","4","4","3","0","0.00%","00:00","00:09","02:09","0:08:34","0:01:00","0:09:34"
"2026-02-08 15:00:00 - 2026-02-08 15:59:59","5","5","2","0","0.00%","00:00","00:04","03:22","0:16:50","0:01:15","0:18:05"
"2026-02-08 16:00:00 - 2026-02-08 16:59:59","2","2","2","0","0.00%","00:00","00:00","03:01","0:06:02","0:00:30","0:06:32"
"2026-02-08 17:00:00 - 2026-02-08 17:59:59","0","0","0","0","0.00%","00:00","00:00","00:00","0:00:00","0:00:00","0:00:00"
"2026-02-08 18:00:00 - 2026-02-08 18:59:59","5","5","3","0","0.00%","00:00","00:00","03:09","0:15:45","0:01:15","0:17:00"
"2026-02-08 19:00:00 - 2026-02-08 19:59:59","8","8","5","0","0.00%","00:00","00:00","03:15","0:26:00","0:02:00","0:28:00"
"2026-02-08 20:00:00 - 2026-02-08 20:59:59","7","7","4","0","0.00%","00:00","00:00","02:58","0:20:44","0:01:45","0:22:29"
"2026-02-08 21:00:00 - 2026-02-08 21:59:59","1","1","1","0","0.00%","00:00","00:00","02:50","0:02:50","0:00:15","0:03:05"
"2026-02-08 22:00:00 - 2026-02-08 22:59:59","0","0","0","0","0.00%","00:00","00:00","00:00","0:00:00","0:00:00","0:00:00"
"2026-02-08 23:00:00 - 2026-02-08 23:59:59","0","0","0","0","0.00%","00:00","00:00","00:00","0:00:00","0:00:00","0:00:00"
"2026-02-09 00:00:00 - 2026-02-09 00:59:59","0","0","0","0","0.00%","00:00","00:00","00:00","0:00:00","0:00:00","0:00:00"
"2026-02-09 01:00:00 - 2026-02-09 01:59:59","0","0","0","0","0.00%","00:00","00:00","00:00","0:00:00","0:00:00","0:00:00"
"2026-02-09 02:00:00 - 2026-02-09 02:59:59","0","0","0","0","0.00%","00:00","00:00","00:00","0:00:00","0:00:00","0:00:00"
"2026-02-09 03:00:00 - 2026-02-09 03:59:59","0","0","0","0","0.00%","00:00","00:00","00:00","0:00:00","0:00:00","0:00:00"
"2026-02-09 04:00:00 - 2026-02-09 04:59:59","0","0","0","0","0.00%","00:00","00:00","00:00","0:00:00","0:00:00","0:00:00"
"2026-02-09 05:00:00 - 2026-02-09 05:59:59","0","0","0","0","0.00%","00:00","00:00","00:00","0:00:00","0:00:00","0:00:00"
"2026-02-09 06:00:00 - 2026-02-09 06:59:59","0","0","0","0","0.00%","00:00","00:00","00:00","0:00:00","0:00:00","0:00:00"
"2026-02-09 07:00:00 - 2026-02-09 07:59:59","0","0","0","0","0.00%","00:00","00:00","00:00","0:00:00","0:00:00","0:00:00"
"2026-02-09 08:00:00 - 2026-02-09 08:59:59","0","0","0","0","0.00%","00:00","00:00","00:00","0:00:00","0:00:00","0:00:00"
"2026-02-09 09:00:00 - 2026-02-09 09:59:59","1","0","0","1","100.00%","00:01","00:00","00:00","0:00:00","0:00:00","0:00:00"
"2026-02-09 10:00:00 - 2026-02-09 10:59:59","0","0","0","0","0.00%","00:00","00:00","00:00","0:00:00","0:00:00","0:00:00"
"2026-02-09 11:00:00 - 2026-02-09 11:59:59","6","6","3","0","0.00%","00:00","00:00","02:14","0:13:22","0:01:30","0:14:52"
"2026-02-09 12:00:00 - 2026-02-09 12:59:59","2","2","2","0","0.00%","00:00","00:00","02:27","0:04:53","0:00:30","0:05:23"
"2026-02-09 13:00:00 - 2026-02-09 13:59:59","4","4","3","0","0.00%","00:00","00:00","01:30","0:05:58","0:01:00","0:06:58"
"2026-02-09 14:00:00 - 2026-02-09 14:59:59","1","1","1","0","0.00%","00:00","00:00","02:06","0:02:06","0:00:15","0:02:21"
"2026-02-09 15:00:00 - 2026-02-09 15:59:59","2","2","1","0","0.00%","00:00","00:00","01:17","0:02:34","0:00:30","0:03:04"
"2026-02-09 16:00:00 - 2026-02-09 16:59:59","0","0","0","0","0.00%","00:00","00:00","00:00","0:00:00","0:00:00","0:00:00"
"2026-02-09 17:00:00 - 2026-02-09 17:59:59","0","0","0","0","0.00%","00:00","00:00","00:00","0:00:00","0:00:00","0:00:00"
"2026-02-09 18:00:00 - 2026-02-09 18:59:59","1","1","1","0","0.00%","00:00","00:00","01:27","0:01:27","0:00:15","0:01:42"
"2026-02-09 19:00:00 - 2026-02-09 19:59:59","3","3","2","0","0.00%","00:00","00:00","02:34","0:07:43","0:00:45","0:08:28"
"2026-02-09 20:00:00 - 2026-02-09 20:59:59","3","3","3","0","0.00%","00:00","00:00","03:06","0:09:18","0:00:45","0:10:03"
"2026-02-09 21:00:00 - 2026-02-09 21:59:59","1","1","1","0","0.00%","00:00","00:00","00:55","0:00:55","0:00:15","0:01:10"
"2026-02-09 22:00:00 - 2026-02-09 22:59:59","0","0","0","0","0.00%","00:00","00:00","00:00","0:00:00","0:00:00","0:00:00"
"2026-02-09 23:00:00 - 2026-02-09 23:59:59","1","0","0","1","100.00%","00:01","00:00","00:00","0:00:00","0:00:00","0:00:00"
"2026-02-10 00:00:00 - 2026-02-10 00:59:59","0","0","0","0","0.00%","00:00","00:00","00:00","0:00:00","0:00:00","0:00:00"
"2026-02-10 01:00:00 - 2026-02-10 01:59:59","0","0","0","0","0.00%","00:00","00:00","00:00","0:00:00","0:00:00","0:00:00"
"2026-02-10 02:00:00 - 2026-02-10 02:59:59","0","0","0","0","0.00%","00:00","00:00","00:00","0:00:00","0:00:00","0:00:00"
"2026-02-10 03:00:00 - 2026-02-10 03:59:59","0","0","0","0","0.00%","00:00","00:00","00:00","0:00:00","0:00:00","0:00:00"
"2026-02-10 04:00:00 - 2026-02-10 04:59:59","0","0","0","0","0.00%","00:00","00:00","00:00","0:00:00","0:00:00","0:00:00"
"2026-02-10 05:00:00 - 2026-02-10 05:59:59","0","0","0","0","0.00%","00:00","00:00","00:00","0:00:00","0:00:00","0:00:00"
"2026-02-10 06:00:00 - 2026-02-10 06:59:59","0","0","0","0","0.00%","00:00","00:00","00:00","0:00:00","0:00:00","0:00:00"
"2026-02-10 07:00:00 - 2026-02-10 07:59:59","0","0","0","0","0.00%","00:00","00:00","00:00","0:00:00","0:00:00","0:00:00"
"2026-02-10 08:00:00 - 2026-02-10 08:59:59","0","0","0","0","0.00%","00:00","00:00","00:00","0:00:00","0:00:00","0:00:00"
"2026-02-10 09:00:00 - 2026-02-10 09:59:59","0","0","0","0","0.00%","00:00","00:00","00:00","0:00:00","0:00:00","0:00:00"
"2026-02-10 10:00:00 - 2026-02-10 10:59:59","0","0","0","0","0.00%","00:00","00:00","00:00","0:00:00","0:00:00","0:00:00"
"2026-02-10 11:00:00 - 2026-02-10 11:59:59","4","3","2","1","25.00%","00:17","00:00","03:27","0:10:20","0:00:45","0:11:05"
"2026-02-10 12:00:00 - 2026-02-10 12:59:59","2","2","1","0","0.00%","00:00","00:00","06:12","0:12:23","0:00:30","0:12:53"
"2026-02-10 13:00:00 - 2026-02-10 13:59:59","4","4","2","0","0.00%","00:00","00:00","01:35","0:06:21","0:01:00","0:07:21"
"2026-02-10 14:00:00 - 2026-02-10 14:59:59","2","2","1","0","0.00%","00:00","00:00","03:20","0:06:39","0:00:30","0:07:09"
"2026-02-10 15:00:00 - 2026-02-10 15:59:59","2","2","2","0","0.00%","00:00","00:00","01:42","0:03:24","0:00:30","0:03:54"
"2026-02-10 16:00:00 - 2026-02-10 16:59:59","1","1","1","0","0.00%","00:00","00:48","04:14","0:04:14","0:00:15","0:04:29"
"2026-02-10 17:00:00 - 2026-02-10 17:59:59","0","0","0","0","0.00%","00:00","00:00","00:00","0:00:00","0:00:00","0:00:00"
"2026-02-10 18:00:00 - 2026-02-10 18:59:59","1","1","1","0","0.00%","00:00","00:00","02:42","0:02:42","0:00:15","0:02:57"
"2026-02-10 19:00:00 - 2026-02-10 19:59:59","3","3","2","0","0.00%","00:00","00:00","05:11","0:15:34","0:00:45","0:16:19"
"2026-02-10 20:00:00 - 2026-02-10 20:59:59","3","3","2","0","0.00%","00:00","00:00","04:00","0:11:59","0:00:45","0:12:44"
"2026-02-10 21:00:00 - 2026-02-10 21:59:59","0","0","0","0","0.00%","00:00","00:00","00:00","0:00:00","0:00:00","0:00:00"
"2026-02-10 22:00:00 - 2026-02-10 22:59:59","0","0","0","0","0.00%","00:00","00:00","00:00","0:00:00","0:00:00","0:00:00"
"2026-02-10 23:00:00 - 2026-02-10 23:59:59","0","0","0","0","0.00%","00:00","00:00","00:00","0:00:00","0:00:00","0:00:00"
"2026-02-11 00:00:00 - 2026-02-11 00:59:59","0","0","0","0","0.00%","00:00","00:00","00:00","0:00:00","0:00:00","0:00:00"
"2026-02-11 01:00:00 - 2026-02-11 01:59:59","0","0","0","0","0.00%","00:00","00:00","00:00","0:00:00","0:00:00","0:00:00"
"2026-02-11 02:00:00 - 2026-02-11 02:59:59","0","0","0","0","0.00%","00:00","00:00","00:00","0:00:00","0:00:00","0:00:00"
"2026-02-11 03:00:00 - 2026-02-11 03:59:59","0","0","0","0","0.00%","00:00","00:00","00:00","0:00:00","0:00:00","0:00:00"
"2026-02-11 04:00:00 - 2026-02-11 04:59:59","0","0","0","0","0.00%","00:00","00:00","00:00","0:00:00","0:00:00","0:00:00"
"2026-02-11 05:00:00 - 2026-02-11 05:59:59","0","0","0","0","0.00%","00:00","00:00","00:00","0:00:00","0:00:00","0:00:00"
"2026-02-11 06:00:00 - 2026-02-11 06:59:59","0","0","0","0","0.00%","00:00","00:00","00:00","0:00:00","0:00:00","0:00:00"
"2026-02-11 07:00:00 - 2026-02-11 07:59:59","0","0","0","0","0.00%","00:00","00:00","00:00","0:00:00","0:00:00","0:00:00"
"2026-02-11 08:00:00 - 2026-02-11 08:59:59","0","0","0","0","0.00%","00:00","00:00","00:00","0:00:00","0:00:00","0:00:00"
"2026-02-11 09:00:00 - 2026-02-11 09:59:59","0","0","0","0","0.00%","00:00","00:00","00:00","0:00:00","0:00:00","0:00:00"
"2026-02-11 10:00:00 - 2026-02-11 10:59:59","1","0","0","1","100.00%","00:01","00:00","00:00","0:00:00","0:00:00","0:00:00"
"2026-02-11 11:00:00 - 2026-02-11 11:59:59","2","2","2","0","0.00%","00:00","00:00","06:14","0:12:27","0:00:30","0:12:57"
"2026-02-11 12:00:00 - 2026-02-11 12:59:59","5","5","4","0","0.00%","00:00","00:00","03:27","0:17:17","0:01:15","0:18:32"
"2026-02-11 13:00:00 - 2026-02-11 13:59:59","3","3","3","0","0.00%","00:00","00:00","02:08","0:06:24","0:00:45","0:07:09"
"2026-02-11 14:00:00 - 2026-02-11 14:59:59","1","1","1","0","0.00%","00:00","00:00","01:27","0:01:27","0:00:15","0:01:42"
"2026-02-11 15:00:00 - 2026-02-11 15:59:59","1","1","1","0","0.00%","00:00","00:00","01:34","0:01:34","0:00:15","0:01:49"
"2026-02-11 16:00:00 - 2026-02-11 16:59:59","0","0","0","0","0.00%","00:00","00:00","00:00","0:00:00","0:00:00","0:00:00"
"2026-02-11 17:00:00 - 2026-02-11 17:59:59","0","0","0","0","0.00%","00:00","00:00","00:00","0:00:00","0:00:00","0:00:00"
"2026-02-11 18:00:00 - 2026-02-11 18:59:59","0","0","0","0","0.00%","00:00","00:00","00:00","0:00:00","0:00:00","0:00:00"
"2026-02-11 19:00:00 - 2026-02-11 19:59:59","3","3","3","0","0.00%","00:00","00:00","02:56","0:08:49","0:00:45","0:09:34"
"2026-02-11 20:00:00 - 2026-02-11 20:59:59","3","3","2","0","0.00%","00:00","00:00","03:23","0:10:09","0:00:45","0:10:54"
"2026-02-11 21:00:00 - 2026-02-11 21:59:59","3","3","3","0","0.00%","00:00","00:00","01:57","0:05:51","0:00:45","0:06:36"
"2026-02-11 22:00:00 - 2026-02-11 22:59:59","2","2","1","0","0.00%","00:00","00:00","01:05","0:02:10","0:00:30","0:02:40"
"2026-02-11 23:00:00 - 2026-02-11 23:59:59","0","0","0","0","0.00%","00:00","00:00","00:00","0:00:00","0:00:00","0:00:00"
"2026-02-12 00:00:00 - 2026-02-12 00:59:59","0","0","0","0","0.00%","00:00","00:00","00:00","0:00:00","0:00:00","0:00:00"
"2026-02-12 01:00:00 - 2026-02-12 01:59:59","0","0","0","0","0.00%","00:00","00:00","00:00","0:00:00","0:00:00","0:00:00"
"2026-02-12 02:00:00 - 2026-02-12 02:59:59","0","0","0","0","0.00%","00:00","00:00","00:00","0:00:00","0:00:00","0:00:00"
"2026-02-12 03:00:00 - 2026-02-12 03:59:59","0","0","0","0","0.00%","00:00","00:00","00:00","0:00:00","0:00:00","0:00:00"
"2026-02-12 04:00:00 - 2026-02-12 04:59:59","0","0","0","0","0.00%","00:00","00:00","00:00","0:00:00","0:00:00","0:00:00"
"2026-02-12 05:00:00 - 2026-02-12 05:59:59","0","0","0","0","0.00%","00:00","00:00","00:00","0:00:00","0:00:00","0:00:00"
"2026-02-12 06:00:00 - 2026-02-12 06:59:59","0","0","0","0","0.00%","00:00","00:00","00:00","0:00:00","0:00:00","0:00:00"
"2026-02-12 07:00:00 - 2026-02-12 07:59:59","0","0","0","0","0.00%","00:00","00:00","00:00","0:00:00","0:00:00","0:00:00"
"2026-02-12 08:00:00 - 2026-02-12 08:59:59","0","0","0","0","0.00%","00:00","00:00","00:00","0:00:00","0:00:00","0:00:00"
"2026-02-12 09:00:00 - 2026-02-12 09:59:59","1","0","0","1","100.00%","00:01","00:00","00:00","0:00:00","0:00:00","0:00:00"
"2026-02-12 10:00:00 - 2026-02-12 10:59:59","0","0","0","0","0.00%","00:00","00:00","00:00","0:00:00","0:00:00","0:00:00"
"2026-02-12 11:00:00 - 2026-02-12 11:59:59","5","4","3","1","20.00%","00:28","00:00","02:59","0:11:56","0:01:00","0:12:56"
"2026-02-12 12:00:00 - 2026-02-12 12:59:59","6","6","3","0","0.00%","00:00","00:00","02:24","0:14:26","0:01:30","0:15:56"
"2026-02-12 13:00:00 - 2026-02-12 13:59:59","5","5","2","0","0.00%","00:00","00:00","02:51","0:14:16","0:01:15","0:15:31"
"2026-02-12 14:00:00 - 2026-02-12 14:59:59","0","0","0","0","0.00%","00:00","00:00","00:00","0:00:00","0:00:00","0:00:00"
"2026-02-12 15:00:00 - 2026-02-12 15:59:59","3","3","2","0","0.00%","00:00","00:00","02:21","0:07:02","0:00:45","0:07:47"
"2026-02-12 16:00:00 - 2026-02-12 16:59:59","0","0","0","0","0.00%","00:00","00:00","00:00","0:00:00","0:00:00","0:00:00"
"2026-02-12 17:00:00 - 2026-02-12 17:59:59","0","0","0","0","0.00%","00:00","00:00","00:00","0:00:00","0:00:00","0:00:00"
"2026-02-12 18:00:00 - 2026-02-12 18:59:59","4","4","3","0","0.00%","00:00","00:05","02:08","0:08:30","0:01:00","0:09:30"
"2026-02-12 19:00:00 - 2026-02-12 19:59:59","3","3","3","0","0.00%","00:00","00:00","02:22","0:07:05","0:00:45","0:07:50"
"2026-02-12 20:00:00 - 2026-02-12 20:59:59","7","7","4","0","0.00%","00:00","00:24","02:06","0:14:39","0:01:45","0:16:24"
"2026-02-12 21:00:00 - 2026-02-12 21:59:59","3","3","2","0","0.00%","00:00","00:00","02:05","0:06:16","0:00:45","0:07:01"
"2026-02-12 22:00:00 - 2026-02-12 22:59:59","1","1","1","0","0.00%","00:00","00:00","02:16","0:02:16","0:00:15","0:02:31"
"2026-02-12 23:00:00 - 2026-02-12 23:59:59","0","0","0","0","0.00%","00:00","00:00","00:00","0:00:00","0:00:00","0:00:00"
"2026-02-13 00:00:00 - 2026-02-13 00:59:59","0","0","0","0","0.00%","00:00","00:00","00:00","0:00:00","0:00:00","0:00:00"
"2026-02-13 01:00:00 - 2026-02-13 01:59:59","0","0","0","0","0.00%","00:00","00:00","00:00","0:00:00","0:00:00","0:00:00"
"2026-02-13 02:00:00 - 2026-02-13 02:59:59","0","0","0","0","0.00%","00:00","00:00","00:00","0:00:00","0:00:00","0:00:00"
"2026-02-13 03:00:00 - 2026-02-13 03:59:59","0","0","0","0","0.00%","00:00","00:00","00:00","0:00:00","0:00:00","0:00:00"
"2026-02-13 04:00:00 - 2026-02-13 04:59:59","0","0","0","0","0.00%","00:00","00:00","00:00","0:00:00","0:00:00","0:00:00"
"2026-02-13 05:00:00 - 2026-02-13 05:59:59","0","0","0","0","0.00%","00:00","00:00","00:00","0:00:00","0:00:00","0:00:00"
"2026-02-13 06:00:00 - 2026-02-13 06:59:59","0","0","0","0","0.00%","00:00","00:00","00:00","0:00:00","0:00:00","0:00:00"
"2026-02-13 07:00:00 - 2026-02-13 07:59:59","0","0","0","0","0.00%","00:00","00:00","00:00","0:00:00","0:00:00","0:00:00"
"2026-02-13 08:00:00 - 2026-02-13 08:59:59","0","0","0","0","0.00%","00:00","00:00","00:00","0:00:00","0:00:00","0:00:00"
"2026-02-13 09:00:00 - 2026-02-13 09:59:59","0","0","0","0","0.00%","00:00","00:00","00:00","0:00:00","0:00:00","0:00:00"
"2026-02-13 10:00:00 - 2026-02-13 10:59:59","0","0","0","0","0.00%","00:00","00:00","00:00","0:00:00","0:00:00","0:00:00"
"2026-02-13 11:00:00 - 2026-02-13 11:59:59","2","2","2","0","0.00%","00:00","00:00","02:44","0:05:28","0:00:30","0:05:58"
"2026-02-13 12:00:00 - 2026-02-13 12:59:59","1","1","1","0","0.00%","00:00","00:00","02:10","0:02:10","0:00:15","0:02:25"
"2026-02-13 13:00:00 - 2026-02-13 13:59:59","6","6","4","0","0.00%","00:00","00:00","02:28","0:14:48","0:01:30","0:16:18"
"2026-02-13 14:00:00 - 2026-02-13 14:59:59","0","0","0","0","0.00%","00:00","00:00","00:00","0:00:00","0:00:00","0:00:00"
"2026-02-13 15:00:00 - 2026-02-13 15:59:59","1","1","1","0","0.00%","00:00","00:00","01:31","0:01:31","0:00:15","0:01:46"
"2026-02-13 16:00:00 - 2026-02-13 16:59:59","0","0","0","0","0.00%","00:00","00:00","00:00","0:00:00","0:00:00","0:00:00"
"2026-02-13 17:00:00 - 2026-02-13 17:59:59","0","0","0","0","0.00%","00:00","00:00","00:00","0:00:00","0:00:00","0:00:00"
"2026-02-13 18:00:00 - 2026-02-13 18:59:59","5","4","3","1","20.00%","00:08","00:00","04:22","0:17:28","0:01:00","0:18:28"
"2026-02-13 19:00:00 - 2026-02-13 19:59:59","8","8","5","0","0.00%","00:00","00:00","03:01","0:24:05","0:02:00","0:26:05"
"2026-02-13 20:00:00 - 2026-02-13 20:59:59","9","9","5","0","0.00%","00:00","00:01","02:27","0:21:59","0:02:15","0:24:14"
"2026-02-13 21:00:00 - 2026-02-13 21:59:59","3","3","2","0","0.00%","00:00","00:00","03:24","0:10:13","0:00:45","0:10:58"
"2026-02-13 22:00:00 - 2026-02-13 22:59:59","0","0","0","0","0.00%","00:00","00:00","00:00","0:00:00","0:00:00","0:00:00"
"2026-02-13 23:00:00 - 2026-02-13 23:59:59","0","0","0","0","0.00%","00:00","00:00","00:00","0:00:00","0:00:00","0:00:00"
"2026-02-14 00:00:00 - 2026-02-14 00:59:59","0","0","0","0","0.00%","00:00","00:00","00:00","0:00:00","0:00:00","0:00:00"
"2026-02-14 01:00:00 - 2026-02-14 01:59:59","0","0","0","0","0.00%","00:00","00:00","00:00","0:00:00","0:00:00","0:00:00"
"2026-02-14 02:00:00 - 2026-02-14 02:59:59","0","0","0","0","0.00%","00:00","00:00","00:00","0:00:00","0:00:00","0:00:00"
"2026-02-14 03:00:00 - 2026-02-14 03:59:59","0","0","0","0","0.00%","00:00","00:00","00:00","0:00:00","0:00:00","0:00:00"
"2026-02-14 04:00:00 - 2026-02-14 04:59:59","0","0","0","0","0.00%","00:00","00:00","00:00","0:00:00","0:00:00","0:00:00"
"2026-02-14 05:00:00 - 2026-02-14 05:59:59","0","0","0","0","0.00%","00:00","00:00","00:00","0:00:00","0:00:00","0:00:00"
"2026-02-14 06:00:00 - 2026-02-14 06:59:59","0","0","0","0","0.00%","00:00","00:00","00:00","0:00:00","0:00:00","0:00:00"
"2026-02-14 07:00:00 - 2026-02-14 07:59:59","0","0","0","0","0.00%","00:00","00:00","00:00","0:00:00","0:00:00","0:00:00"
"2026-02-14 08:00:00 - 2026-02-14 08:59:59","0","0","0","0","0.00%","00:00","00:00","00:00","0:00:00","0:00:00","0:00:00"
"2026-02-14 09:00:00 - 2026-02-14 09:59:59","0","0","0","0","0.00%","00:00","00:00","00:00","0:00:00","0:00:00","0:00:00"
"2026-02-14 10:00:00 - 2026-02-14 10:59:59","0","0","0","0","0.00%","00:00","00:00","00:00","0:00:00","0:00:00","0:00:00"
"2026-02-14 11:00:00 - 2026-02-14 11:59:59","1","1","1","0","0.00%","00:00","00:00","03:34","0:03:34","0:00:15","0:03:49"
"2026-02-14 12:00:00 - 2026-02-14 12:59:59","2","2","2","0","0.00%","00:00","00:00","02:33","0:05:05","0:00:30","0:05:35"
"2026-02-14 13:00:00 - 2026-02-14 13:59:59","7","6","4","1","14.29%","01:21","00:00","02:49","0:16:53","0:01:30","0:18:23"
"2026-02-14 14:00:00 - 2026-02-14 14:59:59","6","3","1","3","50.00%","01:04","00:39","02:25","0:07:16","0:00:45","0:08:01"
"2026-02-14 15:00:00 - 2026-02-14 15:59:59","3","3","2","0","0.00%","00:00","00:07","02:28","0:07:24","0:00:45","0:08:09"
"2026-02-14 16:00:00 - 2026-02-14 16:59:59","0","0","0","0","0.00%","00:00","00:00","00:00","0:00:00","0:00:00","0:00:00"
"2026-02-14 17:00:00 - 2026-02-14 17:59:59","5","5","2","0","0.00%","00:00","00:00","01:07","0:05:37","0:01:15","0:06:52"
"2026-02-14 18:00:00 - 2026-02-14 18:59:59","3","3","2","0","0.00%","00:00","00:03","02:23","0:07:09","0:00:45","0:07:54"
"2026-02-14 19:00:00 - 2026-02-14 19:59:59","10","10","5","0","0.00%","00:00","00:16","02:16","0:22:38","0:02:30","0:25:08"
"2026-02-14 20:00:00 - 2026-02-14 20:59:59","16","8","6","8","50.00%","00:50","00:13","03:01","0:24:04","0:02:00","0:26:04"
"2026-02-14 21:00:00 - 2026-02-14 21:59:59","10","10","6","0","0.00%","00:00","00:38","02:45","0:27:30","0:02:30","0:30:00"
"2026-02-14 22:00:00 - 2026-02-14 22:59:59","0","0","0","0","0.00%","00:00","00:00","00:00","0:00:00","0:00:00","0:00:00"
"2026-02-14 23:00:00 - 2026-02-14 23:59:59","0","0","0","0","0.00%","00:00","00:00","00:00","0:00:00","0:00:00","0:00:00"
"Week to date","270","247","10","23","8.52%","00:40","00:06","02:41","11:04:42","1:01:45","12:06:27"
"2026-02-15 00:00:00 - 2026-02-15 00:59:59","0","0","0","0","0.00%","00:00","00:00","00:00","0:00:00","0:00:00","0:00:00"
"2026-02-15 01:00:00 - 2026-02-15 01:59:59","0","0","0","0","0.00%","00:00","00:00","00:00","0:00:00","0:00:00","0:00:00"
"2026-02-15 02:00:00 - 2026-02-15 02:59:59","0","0","0","0","0.00%","00:00","00:00","00:00","0:00:00","0:00:00","0:00:00"
"2026-02-15 03:00:00 - 2026-02-15 03:59:59","0","0","0","0","0.00%","00:00","00:00","00:00","0:00:00","0:00:00","0:00:00"
"2026-02-15 04:00:00 - 2026-02-15 04:59:59","0","0","0","0","0.00%","00:00","00:00","00:00","0:00:00","0:00:00","0:00:00"
"2026-02-15 05:00:00 - 2026-02-15 05:59:59","0","0","0","0","0.00%","00:00","00:00","00:00","0:00:00","0:00:00","0:00:00"
"2026-02-15 06:00:00 - 2026-02-15 06:59:59","0","0","0","0","0.00%","00:00","00:00","00:00","0:00:00","0:00:00","0:00:00"
"2026-02-15 07:00:00 - 2026-02-15 07:59:59","0","0","0","0","0.00%","00:00","00:00","00:00","0:00:00","0:00:00","0:00:00"
"2026-02-15 08:00:00 - 2026-02-15 08:59:59","0","0","0","0","0.00%","00:00","00:00","00:00","0:00:00","0:00:00","0:00:00"
"2026-02-15 09:00:00 - 2026-02-15 09:59:59","0","0","0","0","0.00%","00:00","00:00","00:00","0:00:00","0:00:00","0:00:00"
"2026-02-15 10:00:00 - 2026-02-15 10:59:59","0","0","0","0","0.00%","00:00","00:00","00:00","0:00:00","0:00:00","0:00:00"
"2026-02-15 11:00:00 - 2026-02-15 11:59:59","1","1","1","0","0.00%","00:00","00:00","02:05","0:02:05","0:00:15","0:02:20"
"2026-02-15 12:00:00 - 2026-02-15 12:59:59","6","6","3","0","0.00%","00:00","00:00","03:09","0:18:53","0:01:30","0:20:23"
"2026-02-15 13:00:00 - 2026-02-15 13:59:59","13","13","4","0","0.00%","00:00","00:00","03:34","0:46:24","0:03:15","0:49:39"
"2026-02-15 14:00:00 - 2026-02-15 14:59:59","12","10","5","2","16.67%","00:56","00:07","02:37","0:26:06","0:02:30","0:28:36"
"2026-02-15 15:00:00 - 2026-02-15 15:59:59","9","9","2","0","0.00%","00:00","00:28","03:11","0:28:41","0:02:15","0:30:56"
"2026-02-15 16:00:00 - 2026-02-15 16:59:59","0","0","0","0","0.00%","00:00","00:00","00:00","0:00:00","0:00:00","0:00:00"
"2026-02-15 17:00:00 - 2026-02-15 17:59:59","0","0","0","0","0.00%","00:00","00:00","00:00","0:00:00","0:00:00","0:00:00"
"2026-02-15 18:00:00 - 2026-02-15 18:59:59","2","2","2","0","0.00%","00:00","00:00","01:58","0:03:56","0:00:30","0:04:26"
"2026-02-15 19:00:00 - 2026-02-15 19:59:59","10","10","5","0","0.00%","00:00","00:00","01:59","0:19:46","0:02:30","0:22:16"
"2026-02-15 20:00:00 - 2026-02-15 20:59:59","6","6","3","0","0.00%","00:00","00:00","02:52","0:17:11","0:01:30","0:18:41"
"2026-02-15 21:00:00 - 2026-02-15 21:59:59","1","1","1","0","0.00%","00:00","00:00","00:25","0:00:25","0:00:15","0:00:40"
"2026-02-15 22:00:00 - 2026-02-15 22:59:59","1","1","1","0","0.00%","00:00","00:00","01:47","0:01:47","0:00:15","0:02:02"
"2026-02-15 23:00:00 - 2026-02-15 23:59:59","0","0","0","0","0.00%","00:00","00:00","00:00","0:00:00","0:00:00","0:00:00"
"2026-02-16 00:00:00 - 2026-02-16 00:59:59","0","0","0","0","0.00%","00:00","00:00","00:00","0:00:00","0:00:00","0:00:00"
"2026-02-16 01:00:00 - 2026-02-16 01:59:59","0","0","0","0","0.00%","00:00","00:00","00:00","0:00:00","0:00:00","0:00:00"
"2026-02-16 02:00:00 - 2026-02-16 02:59:59","0","0","0","0","0.00%","00:00","00:00","00:00","0:00:00","0:00:00","0:00:00"
"2026-02-16 03:00:00 - 2026-02-16 03:59:59","0","0","0","0","0.00%","00:00","00:00","00:00","0:00:00","0:00:00","0:00:00"
"2026-02-16 04:00:00 - 2026-02-16 04:59:59","0","0","0","0","0.00%","00:00","00:00","00:00","0:00:00","0:00:00","0:00:00"
"2026-02-16 05:00:00 - 2026-02-16 05:59:59","0","0","0","0","0.00%","00:00","00:00","00:00","0:00:00","0:00:00","0:00:00"
"2026-02-16 06:00:00 - 2026-02-16 06:59:59","0","0","0","0","0.00%","00:00","00:00","00:00","0:00:00","0:00:00","0:00:00"
"2026-02-16 07:00:00 - 2026-02-16 07:59:59","0","0","0","0","0.00%","00:00","00:00","00:00","0:00:00","0:00:00","0:00:00"
"2026-02-16 08:00:00 - 2026-02-16 08:59:59","0","0","0","0","0.00%","00:00","00:00","00:00","0:00:00","0:00:00","0:00:00"
"2026-02-16 09:00:00 - 2026-02-16 09:59:59","0","0","0","0","0.00%","00:00","00:00","00:00","0:00:00","0:00:00","0:00:00"
"2026-02-16 10:00:00 - 2026-02-16 10:59:59","0","0","0","0","0.00%","00:00","00:00","00:00","0:00:00","0:00:00","0:00:00"
"2026-02-16 11:00:00 - 2026-02-16 11:59:59","3","3","2","0","0.00%","00:00","00:00","02:02","0:06:05","0:00:45","0:06:50"
"2026-02-16 12:00:00 - 2026-02-16 12:59:59","4","3","1","1","25.00%","00:48","00:00","02:55","0:08:46","0:00:45","0:09:31"
"2026-02-16 13:00:00 - 2026-02-16 13:59:59","4","4","1","0","0.00%","00:00","00:02","03:06","0:12:22","0:01:00","0:13:22"
"2026-02-16 14:00:00 - 2026-02-16 14:59:59","2","2","1","0","0.00%","00:00","00:00","03:32","0:07:04","0:00:30","0:07:34"
"2026-02-16 15:00:00 - 2026-02-16 15:59:59","0","0","0","0","0.00%","00:00","00:00","00:00","0:00:00","0:00:00","0:00:00"
"2026-02-16 16:00:00 - 2026-02-16 16:59:59","0","0","0","0","0.00%","00:00","00:00","00:00","0:00:00","0:00:00","0:00:00"
"2026-02-16 17:00:00 - 2026-02-16 17:59:59","0","0","0","0","0.00%","00:00","00:00","00:00","0:00:00","0:00:00","0:00:00"
"2026-02-16 18:00:00 - 2026-02-16 18:59:59","1","1","1","0","0.00%","00:00","00:00","03:14","0:03:14","0:00:15","0:03:29"
"2026-02-16 19:00:00 - 2026-02-16 19:59:59","3","3","2","0","0.00%","00:00","00:00","03:03","0:09:10","0:00:45","0:09:55"
"2026-02-16 20:00:00 - 2026-02-16 20:59:59","1","1","1","0","0.00%","00:00","00:00","02:59","0:02:59","0:00:15","0:03:14"
"2026-02-16 21:00:00 - 2026-02-16 21:59:59","1","1","1","0","0.00%","00:00","00:00","02:44","0:02:44","0:00:15","0:02:59"
"2026-02-16 22:00:00 - 2026-02-16 22:59:59","1","1","1","0","0.00%","00:00","00:00","00:40","0:00:40","0:00:15","0:00:55"
"2026-02-16 23:00:00 - 2026-02-16 23:59:59","0","0","0","0","0.00%","00:00","00:00","00:00","0:00:00","0:00:00","0:00:00"
"2026-02-17 00:00:00 - 2026-02-17 00:59:59","0","0","0","0","0.00%","00:00","00:00","00:00","0:00:00","0:00:00","0:00:00"
"2026-02-17 01:00:00 - 2026-02-17 01:59:59","0","0","0","0","0.00%","00:00","00:00","00:00","0:00:00","0:00:00","0:00:00"
"2026-02-17 02:00:00 - 2026-02-17 02:59:59","0","0","0","0","0.00%","00:00","00:00","00:00","0:00:00","0:00:00","0:00:00"
"2026-02-17 03:00:00 - 2026-02-17 03:59:59","0","0","0","0","0.00%","00:00","00:00","00:00","0:00:00","0:00:00","0:00:00"
"2026-02-17 04:00:00 - 2026-02-17 04:59:59","0","0","0","0","0.00%","00:00","00:00","00:00","0:00:00","0:00:00","0:00:00"
"2026-02-17 05:00:00 - 2026-02-17 05:59:59","0","0","0","0","0.00%","00:00","00:00","00:00","0:00:00","0:00:00","0:00:00"
"2026-02-17 06:00:00 - 2026-02-17 06:59:59","0","0","0","0","0.00%","00:00","00:00","00:00","0:00:00","0:00:00","0:00:00"
"2026-02-17 07:00:00 - 2026-02-17 07:59:59","0","0","0","0","0.00%","00:00","00:00","00:00","0:00:00","0:00:00","0:00:00"
"2026-02-17 08:00:00 - 2026-02-17 08:59:59","0","0","0","0","0.00%","00:00","00:00","00:00","0:00:00","0:00:00","0:00:00"
"2026-02-17 09:00:00 - 2026-02-17 09:59:59","0","0","0","0","0.00%","00:00","00:00","00:00","0:00:00","0:00:00","0:00:00"
"2026-02-17 10:00:00 - 2026-02-17 10:59:59","0","0","0","0","0.00%","00:00","00:00","00:00","0:00:00","0:00:00","0:00:00"
"2026-02-17 11:00:00 - 2026-02-17 11:59:59","1","1","1","0","0.00%","00:00","00:00","03:16","0:03:16","0:00:15","0:03:31"
"2026-02-17 12:00:00 - 2026-02-17 12:59:59","6","6","3","0","0.00%","00:00","00:00","03:17","0:19:40","0:01:30","0:21:10"
"2026-02-17 13:00:00 - 2026-02-17 13:59:59","8","8","3","0","0.00%","00:00","00:00","02:14","0:17:49","0:02:00","0:19:49"
"2026-02-17 14:00:00 - 2026-02-17 14:59:59","1","1","1","0","0.00%","00:00","00:00","02:49","0:02:49","0:00:15","0:03:04"
"2026-02-17 15:00:00 - 2026-02-17 15:59:59","0","0","0","0","0.00%","00:00","00:00","00:00","0:00:00","0:00:00","0:00:00"
"2026-02-17 16:00:00 - 2026-02-17 16:59:59","2","0","0","2","100.00%","00:17","00:00","00:00","0:00:00","0:00:00","0:00:00"
"2026-02-17 17:00:00 - 2026-02-17 17:59:59","0","0","0","0","0.00%","00:00","00:00","00:00","0:00:00","0:00:00","0:00:00"
"2026-02-17 18:00:00 - 2026-02-17 18:59:59","0","0","0","0","0.00%","00:00","00:00","00:00","0:00:00","0:00:00","0:00:00"
"2026-02-17 19:00:00 - 2026-02-17 19:59:59","3","3","1","0","0.00%","00:00","00:00","03:50","0:11:30","0:00:45","0:12:15"
"2026-02-17 20:00:00 - 2026-02-17 20:59:59","4","4","2","0","0.00%","00:00","00:00","02:55","0:11:38","0:01:00","0:12:38"
"2026-02-17 21:00:00 - 2026-02-17 21:59:59","0","0","0","0","0.00%","00:00","00:00","00:00","0:00:00","0:00:00","0:00:00"
"2026-02-17 22:00:00 - 2026-02-17 22:59:59","0","0","0","0","0.00%","00:00","00:00","00:00","0:00:00","0:00:00","0:00:00"
"2026-02-17 23:00:00 - 2026-02-17 23:59:59","0","0","0","0","0.00%","00:00","00:00","00:00","0:00:00","0:00:00","0:00:00"
"2026-02-18 00:00:00 - 2026-02-18 00:59:59","0","0","0","0","0.00%","00:00","00:00","00:00","0:00:00","0:00:00","0:00:00"
"2026-02-18 01:00:00 - 2026-02-18 01:59:59","0","0","0","0","0.00%","00:00","00:00","00:00","0:00:00","0:00:00","0:00:00"
"2026-02-18 02:00:00 - 2026-02-18 02:59:59","0","0","0","0","0.00%","00:00","00:00","00:00","0:00:00","0:00:00","0:00:00"
"2026-02-18 03:00:00 - 2026-02-18 03:59:59","0","0","0","0","0.00%","00:00","00:00","00:00","0:00:00","0:00:00","0:00:00"
"2026-02-18 04:00:00 - 2026-02-18 04:59:59","0","0","0","0","0.00%","00:00","00:00","00:00","0:00:00","0:00:00","0:00:00"
"2026-02-18 05:00:00 - 2026-02-18 05:59:59","0","0","0","0","0.00%","00:00","00:00","00:00","0:00:00","0:00:00","0:00:00"
"2026-02-18 06:00:00 - 2026-02-18 06:59:59","0","0","0","0","0.00%","00:00","00:00","00:00","0:00:00","0:00:00","0:00:00"
"2026-02-18 07:00:00 - 2026-02-18 07:59:59","0","0","0","0","0.00%","00:00","00:00","00:00","0:00:00","0:00:00","0:00:00"
"2026-02-18 08:00:00 - 2026-02-18 08:59:59","0","0","0","0","0.00%","00:00","00:00","00:00","0:00:00","0:00:00","0:00:00"
"2026-02-18 09:00:00 - 2026-02-18 09:59:59","0","0","0","0","0.00%","00:00","00:00","00:00","0:00:00","0:00:00","0:00:00"
"2026-02-18 10:00:00 - 2026-02-18 10:59:59","0","0","0","0","0.00%","00:00","00:00","00:00","0:00:00","0:00:00","0:00:00"
"2026-02-18 11:00:00 - 2026-02-18 11:59:59","0","0","0","0","0.00%","00:00","00:00","00:00","0:00:00","0:00:00","0:00:00"
"2026-02-18 12:00:00 - 2026-02-18 12:59:59","1","1","1","0","0.00%","00:00","00:00","00:28","0:00:28","0:00:15","0:00:43"
"2026-02-18 13:00:00 - 2026-02-18 13:59:59","6","6","4","0","0.00%","00:00","00:00","06:16","0:37:35","0:01:30","0:39:05"
"2026-02-18 14:00:00 - 2026-02-18 14:59:59","1","1","1","0","0.00%","00:00","00:00","03:29","0:03:29","0:00:15","0:03:44"
"2026-02-18 15:00:00 - 2026-02-18 15:59:59","0","0","0","0","0.00%","00:00","00:00","00:00","0:00:00","0:00:00","0:00:00"
"2026-02-18 16:00:00 - 2026-02-18 16:59:59","0","0","0","0","0.00%","00:00","00:00","00:00","0:00:00","0:00:00","0:00:00"
"2026-02-18 17:00:00 - 2026-02-18 17:59:59","1","1","1","0","0.00%","00:00","00:00","03:19","0:03:19","0:00:15","0:03:34"
"2026-02-18 18:00:00 - 2026-02-18 18:59:59","1","1","1","0","0.00%","00:00","00:00","02:31","0:02:31","0:00:15","0:02:46"
"2026-02-18 19:00:00 - 2026-02-18 19:59:59","2","2","2","0","0.00%","00:00","00:00","01:50","0:03:39","0:00:30","0:04:09"
"2026-02-18 20:00:00 - 2026-02-18 20:59:59","3","3","2","0","0.00%","00:00","00:00","02:35","0:07:46","0:00:45","0:08:31"
"2026-02-18 21:00:00 - 2026-02-18 21:59:59","3","3","2","0","0.00%","00:00","00:00","01:43","0:05:08","0:00:45","0:05:53"
"2026-02-18 22:00:00 - 2026-02-18 22:59:59","0","0","0","0","0.00%","00:00","00:00","00:00","0:00:00","0:00:00","0:00:00"
"2026-02-18 23:00:00 - 2026-02-18 23:59:59","0","0","0","0","0.00%","00:00","00:00","00:00","0:00:00","0:00:00","0:00:00"
"2026-02-19 00:00:00 - 2026-02-19 00:59:59","0","0","0","0","0.00%","00:00","00:00","00:00","0:00:00","0:00:00","0:00:00"
"2026-02-19 01:00:00 - 2026-02-19 01:59:59","0","0","0","0","0.00%","00:00","00:00","00:00","0:00:00","0:00:00","0:00:00"
"2026-02-19 02:00:00 - 2026-02-19 02:59:59","0","0","0","0","0.00%","00:00","00:00","00:00","0:00:00","0:00:00","0:00:00"
"2026-02-19 03:00:00 - 2026-02-19 03:59:59","0","0","0","0","0.00%","00:00","00:00","00:00","0:00:00","0:00:00","0:00:00"
"2026-02-19 04:00:00 - 2026-02-19 04:59:59","0","0","0","0","0.00%","00:00","00:00","00:00","0:00:00","0:00:00","0:00:00"
"2026-02-19 05:00:00 - 2026-02-19 05:59:59","0","0","0","0","0.00%","00:00","00:00","00:00","0:00:00","0:00:00","0:00:00"
"2026-02-19 06:00:00 - 2026-02-19 06:59:59","0","0","0","0","0.00%","00:00","00:00","00:00","0:00:00","0:00:00","0:00:00"
"2026-02-19 07:00:00 - 2026-02-19 07:59:59","0","0","0","0","0.00%","00:00","00:00","00:00","0:00:00","0:00:00","0:00:00"
"2026-02-19 08:00:00 - 2026-02-19 08:59:59","0","0","0","0","0.00%","00:00","00:00","00:00","0:00:00","0:00:00","0:00:00"
"2026-02-19 09:00:00 - 2026-02-19 09:59:59","0","0","0","0","0.00%","00:00","00:00","00:00","0:00:00","0:00:00","0:00:00"
"2026-02-19 10:00:00 - 2026-02-19 10:59:59","0","0","0","0","0.00%","00:00","00:00","00:00","0:00:00","0:00:00","0:00:00"
"2026-02-19 11:00:00 - 2026-02-19 11:59:59","2","2","2","0","0.00%","00:00","00:00","02:32","0:05:03","0:00:30","0:05:33"
"2026-02-19 12:00:00 - 2026-02-19 12:59:59","2","2","2","0","0.00%","00:00","00:00","02:41","0:05:22","0:00:30","0:05:52"
"2026-02-19 13:00:00 - 2026-02-19 13:59:59","4","4","3","0","0.00%","00:00","00:05","02:59","0:11:56","0:01:00","0:12:56"
"2026-02-19 14:00:00 - 2026-02-19 14:59:59","5","5","3","0","0.00%","00:00","00:00","02:20","0:11:39","0:01:15","0:12:54"
"2026-02-19 15:00:00 - 2026-02-19 15:59:59","0","0","0","0","0.00%","00:00","00:00","00:00","0:00:00","0:00:00","0:00:00"
"2026-02-19 16:00:00 - 2026-02-19 16:59:59","2","2","1","0","0.00%","00:00","00:00","02:51","0:05:42","0:00:30","0:06:12"
"2026-02-19 17:00:00 - 2026-02-19 17:59:59","2","2","2","0","0.00%","00:00","00:00","02:06","0:04:11","0:00:30","0:04:41"
"2026-02-19 18:00:00 - 2026-02-19 18:59:59","1","1","1","0","0.00%","00:00","00:00","03:21","0:03:21","0:00:15","0:03:36"
"2026-02-19 19:00:00 - 2026-02-19 19:59:59","9","9","3","0","0.00%","00:00","00:00","03:32","0:31:51","0:02:15","0:34:06"
"2026-02-19 20:00:00 - 2026-02-19 20:59:59","4","4","4","0","0.00%","00:00","00:05","04:31","0:18:02","0:01:00","0:19:02"
"2026-02-19 21:00:00 - 2026-02-19 21:59:59","3","3","2","0","0.00%","00:00","00:00","02:48","0:08:25","0:00:45","0:09:10"
"2026-02-19 22:00:00 - 2026-02-19 22:59:59","0","0","0","0","0.00%","00:00","00:00","00:00","0:00:00","0:00:00","0:00:00"
"2026-02-19 23:00:00 - 2026-02-19 23:59:59","0","0","0","0","0.00%","00:00","00:00","00:00","0:00:00","0:00:00","0:00:00"
"2026-02-20 00:00:00 - 2026-02-20 00:59:59","0","0","0","0","0.00%","00:00","00:00","00:00","0:00:00","0:00:00","0:00:00"
"2026-02-20 01:00:00 - 2026-02-20 01:59:59","0","0","0","0","0.00%","00:00","00:00","00:00","0:00:00","0:00:00","0:00:00"
"2026-02-20 02:00:00 - 2026-02-20 02:59:59","0","0","0","0","0.00%","00:00","00:00","00:00","0:00:00","0:00:00","0:00:00"
"2026-02-20 03:00:00 - 2026-02-20 03:59:59","0","0","0","0","0.00%","00:00","00:00","00:00","0:00:00","0:00:00","0:00:00"
"2026-02-20 04:00:00 - 2026-02-20 04:59:59","0","0","0","0","0.00%","00:00","00:00","00:00","0:00:00","0:00:00","0:00:00"
"2026-02-20 05:00:00 - 2026-02-20 05:59:59","0","0","0","0","0.00%","00:00","00:00","00:00","0:00:00","0:00:00","0:00:00"
"2026-02-20 06:00:00 - 2026-02-20 06:59:59","0","0","0","0","0.00%","00:00","00:00","00:00","0:00:00","0:00:00","0:00:00"
"2026-02-20 07:00:00 - 2026-02-20 07:59:59","0","0","0","0","0.00%","00:00","00:00","00:00","0:00:00","0:00:00","0:00:00"
"2026-02-20 08:00:00 - 2026-02-20 08:59:59","0","0","0","0","0.00%","00:00","00:00","00:00","0:00:00","0:00:00","0:00:00"
"2026-02-20 09:00:00 - 2026-02-20 09:59:59","0","0","0","0","0.00%","00:00","00:00","00:00","0:00:00","0:00:00","0:00:00"
"2026-02-20 10:00:00 - 2026-02-20 10:59:59","0","0","0","0","0.00%","00:00","00:00","00:00","0:00:00","0:00:00","0:00:00"
"2026-02-20 11:00:00 - 2026-02-20 11:59:59","3","3","2","0","0.00%","00:00","00:00","02:09","0:06:27","0:00:45","0:07:12"
"2026-02-20 12:00:00 - 2026-02-20 12:59:59","5","5","5","0","0.00%","00:00","00:00","02:11","0:10:53","0:01:15","0:12:08"
"2026-02-20 13:00:00 - 2026-02-20 13:59:59","0","0","0","0","0.00%","00:00","00:00","00:00","0:00:00","0:00:00","0:00:00"
"2026-02-20 14:00:00 - 2026-02-20 14:59:59","3","3","3","0","0.00%","00:00","00:49","02:06","0:06:17","0:00:45","0:07:02"
"2026-02-20 15:00:00 - 2026-02-20 15:59:59","0","0","0","0","0.00%","00:00","00:00","00:00","0:00:00","0:00:00","0:00:00"
"2026-02-20 16:00:00 - 2026-02-20 16:59:59","1","1","1","0","0.00%","00:00","00:00","01:56","0:01:56","0:00:15","0:02:11"
"2026-02-20 17:00:00 - 2026-02-20 17:59:59","0","0","0","0","0.00%","00:00","00:00","00:00","0:00:00","0:00:00","0:00:00"
"2026-02-20 18:00:00 - 2026-02-20 18:59:59","0","0","0","0","0.00%","00:00","00:00","00:00","0:00:00","0:00:00","0:00:00"
"2026-02-20 19:00:00 - 2026-02-20 19:59:59","5","5","5","0","0.00%","00:00","00:00","02:47","0:13:57","0:01:15","0:15:12"
"2026-02-20 20:00:00 - 2026-02-20 20:59:59","4","4","4","0","0.00%","00:00","00:00","03:42","0:14:48","0:01:00","0:15:48"
"2026-02-20 21:00:00 - 2026-02-20 21:59:59","0","0","0","0","0.00%","00:00","00:00","00:00","0:00:00","0:00:00","0:00:00"
"2026-02-20 22:00:00 - 2026-02-20 22:59:59","4","2","2","2","50.00%","00:01","00:00","05:12","0:10:24","0:00:30","0:10:54"
"2026-02-20 23:00:00 - 2026-02-20 23:59:59","0","0","0","0","0.00%","00:00","00:00","00:00","0:00:00","0:00:00","0:00:00"
"2026-02-21 00:00:00 - 2026-02-21 00:59:59","2","0","0","2","100.00%","00:01","00:00","00:00","0:00:00","0:00:00","0:00:00"
"2026-02-21 01:00:00 - 2026-02-21 01:59:59","1","0","0","1","100.00%","00:01","00:00","00:00","0:00:00","0:00:00","0:00:00"
"2026-02-21 02:00:00 - 2026-02-21 02:59:59","0","0","0","0","0.00%","00:00","00:00","00:00","0:00:00","0:00:00","0:00:00"
"2026-02-21 03:00:00 - 2026-02-21 03:59:59","0","0","0","0","0.00%","00:00","00:00","00:00","0:00:00","0:00:00","0:00:00"
"2026-02-21 04:00:00 - 2026-02-21 04:59:59","0","0","0","0","0.00%","00:00","00:00","00:00","0:00:00","0:00:00","0:00:00"
"2026-02-21 05:00:00 - 2026-02-21 05:59:59","0","0","0","0","0.00%","00:00","00:00","00:00","0:00:00","0:00:00","0:00:00"
"2026-02-21 06:00:00 - 2026-02-21 06:59:59","0","0","0","0","0.00%","00:00","00:00","00:00","0:00:00","0:00:00","0:00:00"
"2026-02-21 07:00:00 - 2026-02-21 07:59:59","0","0","0","0","0.00%","00:00","00:00","00:00","0:00:00","0:00:00","0:00:00"
"2026-02-21 08:00:00 - 2026-02-21 08:59:59","0","0","0","0","0.00%","00:00","00:00","00:00","0:00:00","0:00:00","0:00:00"
"2026-02-21 09:00:00 - 2026-02-21 09:59:59","0","0","0","0","0.00%","00:00","00:00","00:00","0:00:00","0:00:00","0:00:00"
"2026-02-21 10:00:00 - 2026-02-21 10:59:59","0","0","0","0","0.00%","00:00","00:00","00:00","0:00:00","0:00:00","0:00:00"
"2026-02-21 11:00:00 - 2026-02-21 11:59:59","4","4","2","0","0.00%","00:00","00:00","01:54","0:07:37","0:01:00","0:08:37"
"2026-02-21 12:00:00 - 2026-02-21 12:59:59","10","10","3","0","0.00%","00:00","00:08","03:03","0:30:33","0:02:30","0:33:03"
"2026-02-21 13:00:00 - 2026-02-21 13:59:59","11","11","3","0","0.00%","00:00","00:02","03:01","0:33:08","0:02:45","0:35:53"
"2026-02-21 14:00:00 - 2026-02-21 14:59:59","6","6","4","0","0.00%","00:00","00:04","02:54","0:17:23","0:01:30","0:18:53"
"2026-02-21 15:00:00 - 2026-02-21 15:59:59","2","2","1","0","0.00%","00:00","00:00","02:55","0:05:49","0:00:30","0:06:19"
"2026-02-21 16:00:00 - 2026-02-21 16:59:59","1","1","1","0","0.00%","00:00","00:00","02:45","0:02:45","0:00:15","0:03:00"
"2026-02-21 17:00:00 - 2026-02-21 17:59:59","2","2","1","0","0.00%","00:00","00:00","04:05","0:08:10","0:00:30","0:08:40"
"2026-02-21 18:00:00 - 2026-02-21 18:59:59","4","4","3","0","0.00%","00:00","00:00","02:49","0:11:16","0:01:00","0:12:16"
"2026-02-21 19:00:00 - 2026-02-21 19:59:59","7","7","5","0","0.00%","00:00","00:00","02:10","0:15:07","0:01:45","0:16:52"
"2026-02-21 20:00:00 - 2026-02-21 20:59:59","7","7","4","0","0.00%","00:00","00:23","02:28","0:17:14","0:01:45","0:18:59"
"2026-02-21 21:00:00 - 2026-02-21 21:59:59","2","2","2","0","0.00%","00:00","00:00","01:12","0:02:23","0:00:30","0:02:53"
"2026-02-21 22:00:00 - 2026-02-21 22:59:59","0","0","0","0","0.00%","00:00","00:00","00:00","0:00:00","0:00:00","0:00:00"
"2026-02-21 23:00:00 - 2026-02-21 23:59:59","1","0","0","1","100.00%","00:01","00:00","00:00","0:00:00","0:00:00","0:00:00"
"Week to date","243","232","10","11","4.53%","00:18","00:03","02:53","11:10:34","0:58:00","12:08:34"
"2026-02-22 00:00:00 - 2026-02-22 00:59:59","1","0","0","1","100.00%","00:01","00:00","00:00","0:00:00","0:00:00","0:00:00"
"2026-02-22 01:00:00 - 2026-02-22 01:59:59","0","0","0","0","0.00%","00:00","00:00","00:00","0:00:00","0:00:00","0:00:00"
"2026-02-22 02:00:00 - 2026-02-22 02:59:59","0","0","0","0","0.00%","00:00","00:00","00:00","0:00:00","0:00:00","0:00:00"
"2026-02-22 03:00:00 - 2026-02-22 03:59:59","0","0","0","0","0.00%","00:00","00:00","00:00","0:00:00","0:00:00","0:00:00"
"2026-02-22 04:00:00 - 2026-02-22 04:59:59","0","0","0","0","0.00%","00:00","00:00","00:00","0:00:00","0:00:00","0:00:00"
"2026-02-22 05:00:00 - 2026-02-22 05:59:59","0","0","0","0","0.00%","00:00","00:00","00:00","0:00:00","0:00:00","0:00:00"
"2026-02-22 06:00:00 - 2026-02-22 06:59:59","0","0","0","0","0.00%","00:00","00:00","00:00","0:00:00","0:00:00","0:00:00"
"2026-02-22 07:00:00 - 2026-02-22 07:59:59","0","0","0","0","0.00%","00:00","00:00","00:00","0:00:00","0:00:00","0:00:00"
"2026-02-22 08:00:00 - 2026-02-22 08:59:59","0","0","0","0","0.00%","00:00","00:00","00:00","0:00:00","0:00:00","0:00:00"
"2026-02-22 09:00:00 - 2026-02-22 09:59:59","0","0","0","0","0.00%","00:00","00:00","00:00","0:00:00","0:00:00","0:00:00"
"2026-02-22 10:00:00 - 2026-02-22 10:59:59","0","0","0","0","0.00%","00:00","00:00","00:00","0:00:00","0:00:00","0:00:00"
"2026-02-22 11:00:00 - 2026-02-22 11:59:59","3","2","2","1","33.33%","00:33","00:49","00:53","0:01:46","0:00:30","0:02:16"
"2026-02-22 12:00:00 - 2026-02-22 12:59:59","7","7","2","0","0.00%","00:00","00:42","03:15","0:22:44","0:01:45","0:24:29"
"2026-02-22 13:00:00 - 2026-02-22 13:59:59","11","11","3","0","0.00%","00:00","00:00","03:30","0:38:26","0:02:45","0:41:11"
"2026-02-22 14:00:00 - 2026-02-22 14:59:59","6","6","2","0","0.00%","00:00","00:00","02:28","0:14:46","0:01:30","0:16:16"
"2026-02-22 15:00:00 - 2026-02-22 15:59:59","8","8","3","0","0.00%","00:00","00:02","02:35","0:20:41","0:02:00","0:22:41"
"2026-02-22 16:00:00 - 2026-02-22 16:59:59","6","6","2","0","0.00%","00:00","00:16","03:13","0:19:17","0:01:30","0:20:47"
"2026-02-22 17:00:00 - 2026-02-22 17:59:59","2","2","2","0","0.00%","00:00","00:00","04:30","0:08:59","0:00:30","0:09:29"
"2026-02-22 18:00:00 - 2026-02-22 18:59:59","4","4","3","0","0.00%","00:00","00:00","03:44","0:14:57","0:01:00","0:15:57"
"2026-02-22 19:00:00 - 2026-02-22 19:59:59","6","6","4","0","0.00%","00:00","00:06","02:37","0:15:44","0:01:30","0:17:14"
"2026-02-22 20:00:00 - 2026-02-22 20:59:59","6","6","5","0","0.00%","00:00","00:00","02:45","0:16:29","0:01:30","0:17:59"
"2026-02-22 21:00:00 - 2026-02-22 21:59:59","3","3","2","0","0.00%","00:00","00:03","02:55","0:08:45","0:00:45","0:09:30"
"2026-02-22 22:00:00 - 2026-02-22 22:59:59","1","1","1","0","0.00%","00:00","00:00","04:34","0:04:34","0:00:15","0:04:49"
"2026-02-22 23:00:00 - 2026-02-22 23:59:59","0","0","0","0","0.00%","00:00","00:00","00:00","0:00:00","0:00:00","0:00:00"
"2026-02-23 00:00:00 - 2026-02-23 00:59:59","0","0","0","0","0.00%","00:00","00:00","00:00","0:00:00","0:00:00","0:00:00"
"2026-02-23 01:00:00 - 2026-02-23 01:59:59","0","0","0","0","0.00%","00:00","00:00","00:00","0:00:00","0:00:00","0:00:00"
"2026-02-23 02:00:00 - 2026-02-23 02:59:59","0","0","0","0","0.00%","00:00","00:00","00:00","0:00:00","0:00:00","0:00:00"
"2026-02-23 03:00:00 - 2026-02-23 03:59:59","0","0","0","0","0.00%","00:00","00:00","00:00","0:00:00","0:00:00","0:00:00"
"2026-02-23 04:00:00 - 2026-02-23 04:59:59","0","0","0","0","0.00%","00:00","00:00","00:00","0:00:00","0:00:00","0:00:00"
"2026-02-23 05:00:00 - 2026-02-23 05:59:59","0","0","0","0","0.00%","00:00","00:00","00:00","0:00:00","0:00:00","0:00:00"
"2026-02-23 06:00:00 - 2026-02-23 06:59:59","0","0","0","0","0.00%","00:00","00:00","00:00","0:00:00","0:00:00","0:00:00"
"2026-02-23 07:00:00 - 2026-02-23 07:59:59","0","0","0","0","0.00%","00:00","00:00","00:00","0:00:00","0:00:00","0:00:00"
"2026-02-23 08:00:00 - 2026-02-23 08:59:59","0","0","0","0","0.00%","00:00","00:00","00:00","0:00:00","0:00:00","0:00:00"
"2026-02-23 09:00:00 - 2026-02-23 09:59:59","0","0","0","0","0.00%","00:00","00:00","00:00","0:00:00","0:00:00","0:00:00"
"2026-02-23 10:00:00 - 2026-02-23 10:59:59","0","0","0","0","0.00%","00:00","00:00","00:00","0:00:00","0:00:00","0:00:00"
"2026-02-23 11:00:00 - 2026-02-23 11:59:59","3","3","2","0","0.00%","00:00","00:00","02:48","0:08:25","0:00:45","0:09:10"
"2026-02-23 12:00:00 - 2026-02-23 12:59:59","7","7","2","0","0.00%","00:00","00:08","02:05","0:14:35","0:01:45","0:16:20"
"2026-02-23 13:00:00 - 2026-02-23 13:59:59","3","1","1","2","66.67%","00:50","00:00","02:50","0:02:50","0:00:15","0:03:05"
"2026-02-23 14:00:00 - 2026-02-23 14:59:59","4","4","2","0","0.00%","00:00","00:00","01:37","0:06:27","0:01:00","0:07:27"
"2026-02-23 15:00:00 - 2026-02-23 15:59:59","0","0","0","0","0.00%","00:00","00:00","00:00","0:00:00","0:00:00","0:00:00"
"2026-02-23 16:00:00 - 2026-02-23 16:59:59","3","3","2","0","0.00%","00:00","00:07","01:37","0:04:51","0:00:45","0:05:36"
"2026-02-23 17:00:00 - 2026-02-23 17:59:59","2","1","1","1","50.00%","00:18","00:19","00:20","0:00:20","0:00:15","0:00:35"
"2026-02-23 18:00:00 - 2026-02-23 18:59:59","5","4","4","1","20.00%","00:59","00:00","03:10","0:12:38","0:01:00","0:13:38"
"2026-02-23 19:00:00 - 2026-02-23 19:59:59","7","6","3","1","14.29%","01:07","00:09","02:57","0:17:39","0:01:30","0:19:09"
"2026-02-23 20:00:00 - 2026-02-23 20:59:59","10","4","2","6","60.00%","01:01","01:06","02:07","0:08:27","0:01:00","0:09:27"
"2026-02-23 21:00:00 - 2026-02-23 21:59:59","7","7","3","0","0.00%","00:00","00:00","01:19","0:09:15","0:01:45","0:11:00"
"2026-02-23 22:00:00 - 2026-02-23 22:59:59","2","2","2","0","0.00%","00:00","00:00","03:40","0:07:20","0:00:30","0:07:50"
"2026-02-23 23:00:00 - 2026-02-23 23:59:59","0","0","0","0","0.00%","00:00","00:00","00:00","0:00:00","0:00:00","0:00:00"
"2026-02-24 00:00:00 - 2026-02-24 00:59:59","0","0","0","0","0.00%","00:00","00:00","00:00","0:00:00","0:00:00","0:00:00"
"2026-02-24 01:00:00 - 2026-02-24 01:59:59","0","0","0","0","0.00%","00:00","00:00","00:00","0:00:00","0:00:00","0:00:00"
"2026-02-24 02:00:00 - 2026-02-24 02:59:59","0","0","0","0","0.00%","00:00","00:00","00:00","0:00:00","0:00:00","0:00:00"
"2026-02-24 03:00:00 - 2026-02-24 03:59:59","0","0","0","0","0.00%","00:00","00:00","00:00","0:00:00","0:00:00","0:00:00"
"2026-02-24 04:00:00 - 2026-02-24 04:59:59","0","0","0","0","0.00%","00:00","00:00","00:00","0:00:00","0:00:00","0:00:00"
"2026-02-24 05:00:00 - 2026-02-24 05:59:59","0","0","0","0","0.00%","00:00","00:00","00:00","0:00:00","0:00:00","0:00:00"
"2026-02-24 06:00:00 - 2026-02-24 06:59:59","0","0","0","0","0.00%","00:00","00:00","00:00","0:00:00","0:00:00","0:00:00"
"2026-02-24 07:00:00 - 2026-02-24 07:59:59","0","0","0","0","0.00%","00:00","00:00","00:00","0:00:00","0:00:00","0:00:00"
"2026-02-24 08:00:00 - 2026-02-24 08:59:59","0","0","0","0","0.00%","00:00","00:00","00:00","0:00:00","0:00:00","0:00:00"
"2026-02-24 09:00:00 - 2026-02-24 09:59:59","0","0","0","0","0.00%","00:00","00:00","00:00","0:00:00","0:00:00","0:00:00"
"2026-02-24 10:00:00 - 2026-02-24 10:59:59","0","0","0","0","0.00%","00:00","00:00","00:00","0:00:00","0:00:00","0:00:00"
"2026-02-24 11:00:00 - 2026-02-24 11:59:59","1","1","1","0","0.00%","00:00","00:00","01:35","0:01:35","0:00:15","0:01:50"
"2026-02-24 12:00:00 - 2026-02-24 12:59:59","3","3","2","0","0.00%","00:00","00:00","02:37","0:07:52","0:00:45","0:08:37"
"2026-02-24 13:00:00 - 2026-02-24 13:59:59","3","3","2","0","0.00%","00:00","00:00","02:21","0:07:02","0:00:45","0:07:47"
"2026-02-24 14:00:00 - 2026-02-24 14:59:59","2","2","2","0","0.00%","00:00","00:00","02:55","0:05:49","0:00:30","0:06:19"
"2026-02-24 15:00:00 - 2026-02-24 15:59:59","1","1","1","0","0.00%","00:00","00:00","06:41","0:06:41","0:00:15","0:06:56"
"2026-02-24 16:00:00 - 2026-02-24 16:59:59","1","1","1","0","0.00%","00:00","00:00","03:00","0:03:00","0:00:15","0:03:15"
"2026-02-24 17:00:00 - 2026-02-24 17:59:59","3","3","2","0","0.00%","00:00","00:07","03:01","0:09:02","0:00:45","0:09:47"
"2026-02-24 18:00:00 - 2026-02-24 18:59:59","1","1","1","0","0.00%","00:00","00:00","01:12","0:01:12","0:00:15","0:01:27"
"2026-02-24 19:00:00 - 2026-02-24 19:59:59","4","4","3","0","0.00%","00:00","00:00","03:56","0:15:44","0:01:00","0:16:44"
"2026-02-24 20:00:00 - 2026-02-24 20:59:59","5","5","2","0","0.00%","00:00","00:09","02:52","0:14:20","0:01:15","0:15:35"
"2026-02-24 21:00:00 - 2026-02-24 21:59:59","4","4","3","0","0.00%","00:00","00:00","01:39","0:06:37","0:01:00","0:07:37"
"2026-02-24 22:00:00 - 2026-02-24 22:59:59","1","1","1","0","0.00%","00:00","00:00","01:45","0:01:45","0:00:15","0:02:00"
"2026-02-24 23:00:00 - 2026-02-24 23:59:59","0","0","0","0","0.00%","00:00","00:00","00:00","0:00:00","0:00:00","0:00:00"
"WTD","146","133","9","13","8.90%","00:50","00:08","02:43","6:00:34","0:33:15","6:33:49"
"TOTALS","918","858","10","60","6.54%","00:48","00:07","02:45","39:25:04","3:34:30","42:59:34"


